permanent_id,lake_name,date,group,genus_species,org_l,year
47723283,Willis,1996-06-17,Cladoceran,Bosmina_longirostris,0,1996
47723283,Willis,1996-06-17,Cladoceran,Daphnia_catawba,0,1996
47723283,Willis,1996-06-17,Cladoceran,Daphnia_pulex,0,1996
47723283,Willis,1996-06-17,Cladoceran,Diaphanosoma_birgei,0,1996
47723283,Willis,1996-06-17,Cladoceran,Diaphanosoma_brachyurum,0.881,1996
47723283,Willis,1996-06-17,Cladoceran,Holopedium_giberum,31.60741,1996
47723283,Willis,1996-06-17,Copepod,Aglaodiaptomus_leptpus,0,1996
47723283,Willis,1996-06-17,Copepod,Cyclops_scutifer,0,1996
47723283,Willis,1996-06-17,Copepod,Epischura_lacustris,0,1996
47723283,Willis,1996-06-17,Copepod,Leptodiaptomus_minutus,19.581,1996
47723283,Willis,1996-06-17,Copepod,Mesocyclops_edax,0,1996
47723283,Willis,1996-06-17,Copepod,Tropocyclops_extensus,3.148,1996
47723283,Willis,1994-06-28,Cladoceran,Bosmina_longirostris,0,1994
47723283,Willis,1994-06-28,Cladoceran,Daphnia_catawba,0.00403,1994
47723283,Willis,1994-06-28,Cladoceran,Daphnia_pulex,0,1994
47723283,Willis,1994-06-28,Cladoceran,Diaphanosoma_birgei,0,1994
47723283,Willis,1994-06-28,Cladoceran,Diaphanosoma_brachyurum,0,1994
47723283,Willis,1994-06-28,Cladoceran,Holopedium_giberum,0.00403,1994
47723283,Willis,1994-06-28,Copepod,Aglaodiaptomus_leptpus,0,1994
47723283,Willis,1994-06-28,Copepod,Cyclops_scutifer,0,1994
47723283,Willis,1994-06-28,Copepod,Epischura_lacustris,0,1994
47723283,Willis,1994-06-28,Copepod,Leptodiaptomus_minutus,0.08872,1994
47723283,Willis,1994-06-28,Copepod,Mesocyclops_edax,0.01613,1994
47723283,Willis,1994-06-28,Copepod,Tropocyclops_extensus,0.55652,1994
47723283,Willis,1999-06-29,Cladoceran,Bosmina_longirostris,0,1999
47723283,Willis,1999-06-29,Cladoceran,Daphnia_catawba,0,1999
47723283,Willis,1999-06-29,Cladoceran,Daphnia_pulex,0,1999
47723283,Willis,1999-06-29,Cladoceran,Diaphanosoma_birgei,0,1999
47723283,Willis,1999-06-29,Cladoceran,Diaphanosoma_brachyurum,0,1999
47723283,Willis,1999-06-29,Cladoceran,Holopedium_giberum,0,1999
47723283,Willis,1999-06-29,Copepod,Aglaodiaptomus_leptpus,0,1999
47723283,Willis,1999-06-29,Copepod,Cyclops_scutifer,0,1999
47723283,Willis,1999-06-29,Copepod,Epischura_lacustris,0,1999
47723283,Willis,1999-06-29,Copepod,Leptodiaptomus_minutus,0.28116,1999
47723283,Willis,1999-06-29,Copepod,Mesocyclops_edax,0,1999
47723283,Willis,1999-06-29,Copepod,Tropocyclops_extensus,0,1999
47723283,Willis,1998-07-13,Cladoceran,Bosmina_longirostris,7.95968,1998
47723283,Willis,1998-07-13,Cladoceran,Daphnia_catawba,0.06351,1998
47723283,Willis,1998-07-13,Cladoceran,Daphnia_pulex,0,1998
47723283,Willis,1998-07-13,Cladoceran,Diaphanosoma_birgei,0,1998
47723283,Willis,1998-07-13,Cladoceran,Diaphanosoma_brachyurum,0,1998
47723283,Willis,1998-07-13,Cladoceran,Holopedium_giberum,3.36593,1998
47723283,Willis,1998-07-13,Copepod,Aglaodiaptomus_leptpus,0,1998
47723283,Willis,1998-07-13,Copepod,Cyclops_scutifer,0,1998
47723283,Willis,1998-07-13,Copepod,Epischura_lacustris,0,1998
47723283,Willis,1998-07-13,Copepod,Leptodiaptomus_minutus,0.10585,1998
47723283,Willis,1998-07-13,Copepod,Mesocyclops_edax,0.35988,1998
47723283,Willis,1998-07-13,Copepod,Tropocyclops_extensus,0,1998
47723283,Willis,1997-07-14,Cladoceran,Bosmina_longirostris,0.07236,1997
47723283,Willis,1997-07-14,Cladoceran,Daphnia_catawba,0,1997
47723283,Willis,1997-07-14,Cladoceran,Daphnia_pulex,0,1997
47723283,Willis,1997-07-14,Cladoceran,Diaphanosoma_birgei,0,1997
47723283,Willis,1997-07-14,Cladoceran,Diaphanosoma_brachyurum,0,1997
47723283,Willis,1997-07-14,Cladoceran,Holopedium_giberum,0.00762,1997
47723283,Willis,1997-07-14,Copepod,Aglaodiaptomus_leptpus,0,1997
47723283,Willis,1997-07-14,Copepod,Cyclops_scutifer,0,1997
47723283,Willis,1997-07-14,Copepod,Epischura_lacustris,0,1997
47723283,Willis,1997-07-14,Copepod,Leptodiaptomus_minutus,0.10663,1997
47723283,Willis,1997-07-14,Copepod,Mesocyclops_edax,0,1997
47723283,Willis,1997-07-14,Copepod,Tropocyclops_extensus,0,1997
47723283,Willis,2003-07-15,Cladoceran,Bosmina_longirostris,0.05102,2003
47723283,Willis,2003-07-15,Cladoceran,Daphnia_catawba,0,2003
47723283,Willis,2003-07-15,Cladoceran,Daphnia_pulex,0,2003
47723283,Willis,2003-07-15,Cladoceran,Diaphanosoma_birgei,0,2003
47723283,Willis,2003-07-15,Cladoceran,Diaphanosoma_brachyurum,0,2003
47723283,Willis,2003-07-15,Cladoceran,Holopedium_giberum,0.35289,2003
47723283,Willis,2003-07-15,Copepod,Aglaodiaptomus_leptpus,0,2003
47723283,Willis,2003-07-15,Copepod,Cyclops_scutifer,0,2003
47723283,Willis,2003-07-15,Copepod,Epischura_lacustris,0,2003
47723283,Willis,2003-07-15,Copepod,Leptodiaptomus_minutus,0.18282,2003
47723283,Willis,2003-07-15,Copepod,Mesocyclops_edax,0,2003
47723283,Willis,2003-07-15,Copepod,Tropocyclops_extensus,0.059520000000000003,2003
47723283,Willis,2001-07-17,Cladoceran,Bosmina_longirostris,5.191,2001
47723283,Willis,2001-07-17,Cladoceran,Daphnia_catawba,0.05,2001
47723283,Willis,2001-07-17,Cladoceran,Daphnia_pulex,0,2001
47723283,Willis,2001-07-17,Cladoceran,Diaphanosoma_birgei,0,2001
47723283,Willis,2001-07-17,Cladoceran,Diaphanosoma_brachyurum,0,2001
47723283,Willis,2001-07-17,Cladoceran,Holopedium_giberum,0.22,2001
47723283,Willis,2001-07-17,Copepod,Aglaodiaptomus_leptpus,0,2001
47723283,Willis,2001-07-17,Copepod,Cyclops_scutifer,0,2001
47723283,Willis,2001-07-17,Copepod,Epischura_lacustris,0,2001
47723283,Willis,2001-07-17,Copepod,Leptodiaptomus_minutus,0.027,2001
47723283,Willis,2001-07-17,Copepod,Mesocyclops_edax,0.306,2001
47723283,Willis,2001-07-17,Copepod,Tropocyclops_extensus,0.386,2001
47723283,Willis,2000-07-18,Cladoceran,Bosmina_longirostris,0.95602,2000
47723283,Willis,2000-07-18,Cladoceran,Daphnia_catawba,0,2000
47723283,Willis,2000-07-18,Cladoceran,Daphnia_pulex,0,2000
47723283,Willis,2000-07-18,Cladoceran,Diaphanosoma_birgei,0,2000
47723283,Willis,2000-07-18,Cladoceran,Diaphanosoma_brachyurum,0,2000
47723283,Willis,2000-07-18,Cladoceran,Holopedium_giberum,1.2747,2000
47723283,Willis,2000-07-18,Copepod,Aglaodiaptomus_leptpus,0,2000
47723283,Willis,2000-07-18,Copepod,Cyclops_scutifer,0,2000
47723283,Willis,2000-07-18,Copepod,Epischura_lacustris,0,2000
47723283,Willis,2000-07-18,Copepod,Leptodiaptomus_minutus,0.63735,2000
47723283,Willis,2000-07-18,Copepod,Mesocyclops_edax,3.58509,2000
47723283,Willis,2000-07-18,Copepod,Tropocyclops_extensus,1.5137,2000
47723283,Willis,2006-07-18,Cladoceran,Bosmina_longirostris,7.5,2006
47723283,Willis,2006-07-18,Cladoceran,Daphnia_catawba,0.2,2006
47723283,Willis,2006-07-18,Cladoceran,Daphnia_pulex,0,2006
47723283,Willis,2006-07-18,Cladoceran,Diaphanosoma_birgei,3.35,2006
47723283,Willis,2006-07-18,Cladoceran,Diaphanosoma_brachyurum,0,2006
47723283,Willis,2006-07-18,Cladoceran,Holopedium_giberum,5.15,2006
47723283,Willis,2006-07-18,Copepod,Aglaodiaptomus_leptpus,0,2006
47723283,Willis,2006-07-18,Copepod,Cyclops_scutifer,0,2006
47723283,Willis,2006-07-18,Copepod,Epischura_lacustris,0,2006
47723283,Willis,2006-07-18,Copepod,Leptodiaptomus_minutus,17.15,2006
47723283,Willis,2006-07-18,Copepod,Mesocyclops_edax,3.05,2006
47723283,Willis,2006-07-18,Copepod,Tropocyclops_extensus,0.75,2006
47723283,Willis,2005-07-19,Cladoceran,Bosmina_longirostris,3.375,2005
47723283,Willis,2005-07-19,Cladoceran,Daphnia_catawba,0,2005
47723283,Willis,2005-07-19,Cladoceran,Daphnia_pulex,0,2005
47723283,Willis,2005-07-19,Cladoceran,Diaphanosoma_birgei,0,2005
47723283,Willis,2005-07-19,Cladoceran,Diaphanosoma_brachyurum,2.675,2005
47723283,Willis,2005-07-19,Cladoceran,Holopedium_giberum,1.625,2005
47723283,Willis,2005-07-19,Copepod,Aglaodiaptomus_leptpus,0,2005
47723283,Willis,2005-07-19,Copepod,Cyclops_scutifer,0,2005
47723283,Willis,2005-07-19,Copepod,Epischura_lacustris,0,2005
47723283,Willis,2005-07-19,Copepod,Leptodiaptomus_minutus,11,2005
47723283,Willis,2005-07-19,Copepod,Mesocyclops_edax,2.6,2005
47723283,Willis,2005-07-19,Copepod,Tropocyclops_extensus,0.825,2005
47723283,Willis,1996-07-22,Cladoceran,Bosmina_longirostris,0,1996
47723283,Willis,1996-07-22,Cladoceran,Daphnia_catawba,0,1996
47723283,Willis,1996-07-22,Cladoceran,Daphnia_pulex,0,1996
47723283,Willis,1996-07-22,Cladoceran,Diaphanosoma_birgei,0,1996
47723283,Willis,1996-07-22,Cladoceran,Diaphanosoma_brachyurum,0.43095,1996
47723283,Willis,1996-07-22,Cladoceran,Holopedium_giberum,1.09173,1996
47723283,Willis,1996-07-22,Copepod,Aglaodiaptomus_leptpus,0,1996
47723283,Willis,1996-07-22,Copepod,Cyclops_scutifer,0,1996
47723283,Willis,1996-07-22,Copepod,Epischura_lacustris,0,1996
47723283,Willis,1996-07-22,Copepod,Leptodiaptomus_minutus,18.24345,1996
47723283,Willis,1996-07-22,Copepod,Mesocyclops_edax,0.259,1996
47723283,Willis,1996-07-22,Copepod,Tropocyclops_extensus,1.839,1996
47723283,Willis,1994-07-27,Cladoceran,Bosmina_longirostris,0,1994
47723283,Willis,1994-07-27,Cladoceran,Daphnia_catawba,0,1994
47723283,Willis,1994-07-27,Cladoceran,Daphnia_pulex,0,1994
47723283,Willis,1994-07-27,Cladoceran,Diaphanosoma_birgei,0,1994
47723283,Willis,1994-07-27,Cladoceran,Diaphanosoma_brachyurum,0,1994
47723283,Willis,1994-07-27,Cladoceran,Holopedium_giberum,3.29218,1994
47723283,Willis,1994-07-27,Copepod,Aglaodiaptomus_leptpus,0,1994
47723283,Willis,1994-07-27,Copepod,Cyclops_scutifer,0,1994
47723283,Willis,1994-07-27,Copepod,Epischura_lacustris,0.204,1994
47723283,Willis,1994-07-27,Copepod,Leptodiaptomus_minutus,0,1994
47723283,Willis,1994-07-27,Copepod,Mesocyclops_edax,33.12757,1994
47723283,Willis,1994-07-27,Copepod,Tropocyclops_extensus,57.33882,1994
47723283,Willis,2004-07-06,Cladoceran,Bosmina_longirostris,48.355,2004
47723283,Willis,2004-07-06,Cladoceran,Daphnia_catawba,0,2004
47723283,Willis,2004-07-06,Cladoceran,Daphnia_pulex,0,2004
47723283,Willis,2004-07-06,Cladoceran,Diaphanosoma_birgei,0,2004
47723283,Willis,2004-07-06,Cladoceran,Diaphanosoma_brachyurum,0.19,2004
47723283,Willis,2004-07-06,Cladoceran,Holopedium_giberum,1.6625,2004
47723283,Willis,2004-07-06,Copepod,Aglaodiaptomus_leptpus,0,2004
47723283,Willis,2004-07-06,Copepod,Cyclops_scutifer,0,2004
47723283,Willis,2004-07-06,Copepod,Epischura_lacustris,0,2004
47723283,Willis,2004-07-06,Copepod,Leptodiaptomus_minutus,3.325,2004
47723283,Willis,2004-07-06,Copepod,Mesocyclops_edax,1.805,2004
47723283,Willis,2004-07-06,Copepod,Tropocyclops_extensus,3.515,2004
47723283,Willis,1998-08-10,Cladoceran,Bosmina_longirostris,3.296,1998
47723283,Willis,1998-08-10,Cladoceran,Daphnia_catawba,0.23333,1998
47723283,Willis,1998-08-10,Cladoceran,Daphnia_pulex,0,1998
47723283,Willis,1998-08-10,Cladoceran,Diaphanosoma_birgei,0,1998
47723283,Willis,1998-08-10,Cladoceran,Diaphanosoma_brachyurum,0.175,1998
47723283,Willis,1998-08-10,Cladoceran,Holopedium_giberum,2.59583,1998
47723283,Willis,1998-08-10,Copepod,Aglaodiaptomus_leptpus,0,1998
47723283,Willis,1998-08-10,Copepod,Cyclops_scutifer,0,1998
47723283,Willis,1998-08-10,Copepod,Epischura_lacustris,0,1998
47723283,Willis,1998-08-10,Copepod,Leptodiaptomus_minutus,0,1998
47723283,Willis,1998-08-10,Copepod,Mesocyclops_edax,0.49583,1998
47723283,Willis,1998-08-10,Copepod,Tropocyclops_extensus,0.29167,1998
47723283,Willis,2004-08-11,Cladoceran,Bosmina_longirostris,17.65,2004
47723283,Willis,2004-08-11,Cladoceran,Daphnia_catawba,0,2004
47723283,Willis,2004-08-11,Cladoceran,Daphnia_pulex,0,2004
47723283,Willis,2004-08-11,Cladoceran,Diaphanosoma_birgei,0,2004
47723283,Willis,2004-08-11,Cladoceran,Diaphanosoma_brachyurum,1.85,2004
47723283,Willis,2004-08-11,Cladoceran,Holopedium_giberum,0.35,2004
47723283,Willis,2004-08-11,Copepod,Aglaodiaptomus_leptpus,0,2004
47723283,Willis,2004-08-11,Copepod,Cyclops_scutifer,0,2004
47723283,Willis,2004-08-11,Copepod,Epischura_lacustris,0,2004
47723283,Willis,2004-08-11,Copepod,Leptodiaptomus_minutus,3.75,2004
47723283,Willis,2004-08-11,Copepod,Mesocyclops_edax,6.6,2004
47723283,Willis,2004-08-11,Copepod,Tropocyclops_extensus,7,2004
47723283,Willis,2002-08-13,Cladoceran,Bosmina_longirostris,5.53221,2002
47723283,Willis,2002-08-13,Cladoceran,Daphnia_catawba,0,2002
47723283,Willis,2002-08-13,Cladoceran,Daphnia_pulex,0,2002
47723283,Willis,2002-08-13,Cladoceran,Diaphanosoma_birgei,0,2002
47723283,Willis,2002-08-13,Cladoceran,Diaphanosoma_brachyurum,0.07003,2002
47723283,Willis,2002-08-13,Cladoceran,Holopedium_giberum,0,2002
47723283,Willis,2002-08-13,Copepod,Aglaodiaptomus_leptpus,0,2002
47723283,Willis,2002-08-13,Copepod,Cyclops_scutifer,0,2002
47723283,Willis,2002-08-13,Copepod,Epischura_lacustris,0,2002
47723283,Willis,2002-08-13,Copepod,Leptodiaptomus_minutus,0.42017,2002
47723283,Willis,2002-08-13,Copepod,Mesocyclops_edax,4.01494,2002
47723283,Willis,2002-08-13,Copepod,Tropocyclops_extensus,3.0112,2002
47723283,Willis,2006-08-15,Cladoceran,Bosmina_longirostris,3.25833,2006
47723283,Willis,2006-08-15,Cladoceran,Daphnia_catawba,0.14167,2006
47723283,Willis,2006-08-15,Cladoceran,Daphnia_pulex,0,2006
47723283,Willis,2006-08-15,Cladoceran,Diaphanosoma_birgei,0,2006
47723283,Willis,2006-08-15,Cladoceran,Diaphanosoma_brachyurum,6.42222,2006
47723283,Willis,2006-08-15,Cladoceran,Holopedium_giberum,2.59722,2006
47723283,Willis,2006-08-15,Copepod,Aglaodiaptomus_leptpus,0,2006
47723283,Willis,2006-08-15,Copepod,Cyclops_scutifer,0,2006
47723283,Willis,2006-08-15,Copepod,Epischura_lacustris,0,2006
47723283,Willis,2006-08-15,Copepod,Leptodiaptomus_minutus,9.30278,2006
47723283,Willis,2006-08-15,Copepod,Mesocyclops_edax,5.90278,2006
47723283,Willis,2006-08-15,Copepod,Tropocyclops_extensus,1.60556,2006
47723283,Willis,2005-08-16,Cladoceran,Bosmina_longirostris,4.7175,2005
47723283,Willis,2005-08-16,Cladoceran,Daphnia_catawba,0,2005
47723283,Willis,2005-08-16,Cladoceran,Daphnia_pulex,0,2005
47723283,Willis,2005-08-16,Cladoceran,Diaphanosoma_birgei,0,2005
47723283,Willis,2005-08-16,Cladoceran,Diaphanosoma_brachyurum,2.3125,2005
47723283,Willis,2005-08-16,Cladoceran,Holopedium_giberum,0.4625,2005
47723283,Willis,2005-08-16,Copepod,Aglaodiaptomus_leptpus,0,2005
47723283,Willis,2005-08-16,Copepod,Cyclops_scutifer,0,2005
47723283,Willis,2005-08-16,Copepod,Epischura_lacustris,0,2005
47723283,Willis,2005-08-16,Copepod,Leptodiaptomus_minutus,4.20875,2005
47723283,Willis,2005-08-16,Copepod,Mesocyclops_edax,2.26625,2005
47723283,Willis,2005-08-16,Copepod,Tropocyclops_extensus,3.3763,2005
47723283,Willis,1997-08-18,Cladoceran,Bosmina_longirostris,1.45161,1997
47723283,Willis,1997-08-18,Cladoceran,Daphnia_catawba,0,1997
47723283,Willis,1997-08-18,Cladoceran,Daphnia_pulex,0,1997
47723283,Willis,1997-08-18,Cladoceran,Diaphanosoma_birgei,0,1997
47723283,Willis,1997-08-18,Cladoceran,Diaphanosoma_brachyurum,0,1997
47723283,Willis,1997-08-18,Cladoceran,Holopedium_giberum,12.12903,1997
47723283,Willis,1997-08-18,Copepod,Aglaodiaptomus_leptpus,0,1997
47723283,Willis,1997-08-18,Copepod,Cyclops_scutifer,0,1997
47723283,Willis,1997-08-18,Copepod,Epischura_lacustris,0.03226,1997
47723283,Willis,1997-08-18,Copepod,Leptodiaptomus_minutus,0.20968,1997
47723283,Willis,1997-08-18,Copepod,Mesocyclops_edax,0.37097,1997
47723283,Willis,1997-08-18,Copepod,Tropocyclops_extensus,0.68587,1997
47723283,Willis,1996-08-19,Cladoceran,Bosmina_longirostris,0,1996
47723283,Willis,1996-08-19,Cladoceran,Daphnia_catawba,1.30282,1996
47723283,Willis,1996-08-19,Cladoceran,Daphnia_pulex,0,1996
47723283,Willis,1996-08-19,Cladoceran,Diaphanosoma_birgei,0,1996
47723283,Willis,1996-08-19,Cladoceran,Diaphanosoma_brachyurum,2.77984,1996
47723283,Willis,1996-08-19,Cladoceran,Holopedium_giberum,5.90081,1996
47723283,Willis,1996-08-19,Copepod,Aglaodiaptomus_leptpus,0,1996
47723283,Willis,1996-08-19,Copepod,Cyclops_scutifer,0,1996
47723283,Willis,1996-08-19,Copepod,Epischura_lacustris,0,1996
47723283,Willis,1996-08-19,Copepod,Leptodiaptomus_minutus,14.74476,1996
47723283,Willis,1996-08-19,Copepod,Mesocyclops_edax,2.87782,1996
47723283,Willis,1996-08-19,Copepod,Tropocyclops_extensus,6.78266,1996
47723283,Willis,2000-08-21,Cladoceran,Bosmina_longirostris,12.82099,2000
47723283,Willis,2000-08-21,Cladoceran,Daphnia_catawba,0,2000
47723283,Willis,2000-08-21,Cladoceran,Daphnia_pulex,0,2000
47723283,Willis,2000-08-21,Cladoceran,Diaphanosoma_birgei,0,2000
47723283,Willis,2000-08-21,Cladoceran,Diaphanosoma_brachyurum,0,2000
47723283,Willis,2000-08-21,Cladoceran,Holopedium_giberum,0,2000
47723283,Willis,2000-08-21,Copepod,Aglaodiaptomus_leptpus,0,2000
47723283,Willis,2000-08-21,Copepod,Cyclops_scutifer,0,2000
47723283,Willis,2000-08-21,Copepod,Epischura_lacustris,0,2000
47723283,Willis,2000-08-21,Copepod,Leptodiaptomus_minutus,0.41237,2000
47723283,Willis,2000-08-21,Copepod,Mesocyclops_edax,3.37395,2000
47723283,Willis,2000-08-21,Copepod,Tropocyclops_extensus,0,2000
47723283,Willis,1999-08-23,Cladoceran,Bosmina_longirostris,0,1999
47723283,Willis,1999-08-23,Cladoceran,Daphnia_catawba,0,1999
47723283,Willis,1999-08-23,Cladoceran,Daphnia_pulex,0,1999
47723283,Willis,1999-08-23,Cladoceran,Diaphanosoma_birgei,0,1999
47723283,Willis,1999-08-23,Cladoceran,Diaphanosoma_brachyurum,4.2517,1999
47723283,Willis,1999-08-23,Cladoceran,Holopedium_giberum,33.92857,1999
47723283,Willis,1999-08-23,Copepod,Aglaodiaptomus_leptpus,0,1999
47723283,Willis,1999-08-23,Copepod,Cyclops_scutifer,0,1999
47723283,Willis,1999-08-23,Copepod,Epischura_lacustris,0,1999
47723283,Willis,1999-08-23,Copepod,Leptodiaptomus_minutus,0,1999
47723283,Willis,1999-08-23,Copepod,Mesocyclops_edax,33.33333,1999
47723283,Willis,1999-08-23,Copepod,Tropocyclops_extensus,26.70068,1999
47723283,Willis,1994-08-31,Cladoceran,Bosmina_longirostris,0,1994
47723283,Willis,1994-08-31,Cladoceran,Daphnia_catawba,0.03556,1994
47723283,Willis,1994-08-31,Cladoceran,Daphnia_pulex,0,1994
47723283,Willis,1994-08-31,Cladoceran,Diaphanosoma_birgei,0,1994
47723283,Willis,1994-08-31,Cladoceran,Diaphanosoma_brachyurum,0,1994
47723283,Willis,1994-08-31,Cladoceran,Holopedium_giberum,0,1994
47723283,Willis,1994-08-31,Copepod,Aglaodiaptomus_leptpus,0,1994
47723283,Willis,1994-08-31,Copepod,Cyclops_scutifer,0,1994
47723283,Willis,1994-08-31,Copepod,Epischura_lacustris,0,1994
47723283,Willis,1994-08-31,Copepod,Leptodiaptomus_minutus,0.144,1994
47723283,Willis,1994-08-31,Copepod,Mesocyclops_edax,0.00533,1994
47723283,Willis,1994-08-31,Copepod,Tropocyclops_extensus,0.12267,1994
47723283,Willis,2001-08-07,Cladoceran,Bosmina_longirostris,2.8,2001
47723283,Willis,2001-08-07,Cladoceran,Daphnia_catawba,0.7,2001
47723283,Willis,2001-08-07,Cladoceran,Daphnia_pulex,0,2001
47723283,Willis,2001-08-07,Cladoceran,Diaphanosoma_birgei,0,2001
47723283,Willis,2001-08-07,Cladoceran,Diaphanosoma_brachyurum,0.1,2001
47723283,Willis,2001-08-07,Cladoceran,Holopedium_giberum,22.3,2001
47723283,Willis,2001-08-07,Copepod,Aglaodiaptomus_leptpus,0,2001
47723283,Willis,2001-08-07,Copepod,Cyclops_scutifer,0,2001
47723283,Willis,2001-08-07,Copepod,Epischura_lacustris,0,2001
47723283,Willis,2001-08-07,Copepod,Leptodiaptomus_minutus,1,2001
47723283,Willis,2001-08-07,Copepod,Mesocyclops_edax,0.55,2001
47723283,Willis,2001-08-07,Copepod,Tropocyclops_extensus,3.6,2001
47723283,Willis,1995-08-09,Cladoceran,Bosmina_longirostris,0,1995
47723283,Willis,1995-08-09,Cladoceran,Daphnia_catawba,0,1995
47723283,Willis,1995-08-09,Cladoceran,Daphnia_pulex,0,1995
47723283,Willis,1995-08-09,Cladoceran,Diaphanosoma_birgei,0,1995
47723283,Willis,1995-08-09,Cladoceran,Diaphanosoma_brachyurum,0,1995
47723283,Willis,1995-08-09,Cladoceran,Holopedium_giberum,1.8,1995
47723283,Willis,1995-08-09,Copepod,Aglaodiaptomus_leptpus,0,1995
47723283,Willis,1995-08-09,Copepod,Cyclops_scutifer,0,1995
47723283,Willis,1995-08-09,Copepod,Epischura_lacustris,0,1995
47723283,Willis,1995-08-09,Copepod,Leptodiaptomus_minutus,0.8,1995
47723283,Willis,1995-08-09,Copepod,Mesocyclops_edax,25.4,1995
47723283,Willis,1995-08-09,Copepod,Tropocyclops_extensus,0,1995
47723283,Willis,1995-09-12,Cladoceran,Bosmina_longirostris,0,1995
47723283,Willis,1995-09-12,Cladoceran,Daphnia_catawba,0,1995
47723283,Willis,1995-09-12,Cladoceran,Daphnia_pulex,0,1995
47723283,Willis,1995-09-12,Cladoceran,Diaphanosoma_birgei,0,1995
47723283,Willis,1995-09-12,Cladoceran,Diaphanosoma_brachyurum,1.43427,1995
47723283,Willis,1995-09-12,Cladoceran,Holopedium_giberum,2.11043,1995
47723283,Willis,1995-09-12,Copepod,Aglaodiaptomus_leptpus,0,1995
47723283,Willis,1995-09-12,Copepod,Cyclops_scutifer,0,1995
47723283,Willis,1995-09-12,Copepod,Epischura_lacustris,0,1995
47723283,Willis,1995-09-12,Copepod,Leptodiaptomus_minutus,0.28685,1995
47723283,Willis,1995-09-12,Copepod,Mesocyclops_edax,0.34832,1995
47723283,Willis,1995-09-12,Copepod,Tropocyclops_extensus,5.901,1995
47723283,Willis,2002-09-24,Cladoceran,Bosmina_longirostris,2.97619,2002
47723283,Willis,2002-09-24,Cladoceran,Daphnia_catawba,0,2002
47723283,Willis,2002-09-24,Cladoceran,Daphnia_pulex,0,2002
47723283,Willis,2002-09-24,Cladoceran,Diaphanosoma_birgei,0,2002
47723283,Willis,2002-09-24,Cladoceran,Diaphanosoma_brachyurum,1.16922,2002
47723283,Willis,2002-09-24,Cladoceran,Holopedium_giberum,10.82058,2002
47723283,Willis,2002-09-24,Copepod,Aglaodiaptomus_leptpus,0,2002
47723283,Willis,2002-09-24,Copepod,Cyclops_scutifer,0,2002
47723283,Willis,2002-09-24,Copepod,Epischura_lacustris,0,2002
47723283,Willis,2002-09-24,Copepod,Leptodiaptomus_minutus,0.53146,2002
47723283,Willis,2002-09-24,Copepod,Mesocyclops_edax,4.20918,2002
47723283,Willis,2002-09-24,Copepod,Tropocyclops_extensus,9.39626,2002
131845587,Grass,1995-06-13,Cladoceran,Bosmina_longirostris,1.39453,1995
131845587,Grass,1995-06-13,Cladoceran,Daphnia_catawba,2.37891,1995
131845587,Grass,1995-06-13,Cladoceran,Daphnia_pulex,0,1995
131845587,Grass,1995-06-13,Cladoceran,Diaphanosoma_birgei,0,1995
131845587,Grass,1995-06-13,Cladoceran,Diaphanosoma_brachyurum,0,1995
131845587,Grass,1995-06-13,Cladoceran,Holopedium_giberum,4.96289,1995
131845587,Grass,1995-06-13,Copepod,Aglaodiaptomus_leptpus,0,1995
131845587,Grass,1995-06-13,Copepod,Cyclops_scutifer,0,1995
131845587,Grass,1995-06-13,Copepod,Epischura_lacustris,0,1995
131845587,Grass,1995-06-13,Copepod,Leptodiaptomus_minutus,46.06055,1995
131845587,Grass,1995-06-13,Copepod,Mesocyclops_edax,1.92773,1995
131845587,Grass,1995-06-13,Copepod,Tropocyclops_extensus,0,1995
131845587,Grass,1996-06-18,Cladoceran,Bosmina_longirostris,0,1996
131845587,Grass,1996-06-18,Cladoceran,Daphnia_catawba,0.3,1996
131845587,Grass,1996-06-18,Cladoceran,Daphnia_pulex,0,1996
131845587,Grass,1996-06-18,Cladoceran,Diaphanosoma_birgei,0,1996
131845587,Grass,1996-06-18,Cladoceran,Diaphanosoma_brachyurum,0,1996
131845587,Grass,1996-06-18,Cladoceran,Holopedium_giberum,1.05,1996
131845587,Grass,1996-06-18,Copepod,Aglaodiaptomus_leptpus,0,1996
131845587,Grass,1996-06-18,Copepod,Cyclops_scutifer,0,1996
131845587,Grass,1996-06-18,Copepod,Epischura_lacustris,0,1996
131845587,Grass,1996-06-18,Copepod,Leptodiaptomus_minutus,44.4,1996
131845587,Grass,1996-06-18,Copepod,Mesocyclops_edax,1.95,1996
131845587,Grass,1996-06-18,Copepod,Tropocyclops_extensus,1.35,1996
131845587,Grass,1994-06-20,Cladoceran,Bosmina_longirostris,1.675,1994
131845587,Grass,1994-06-20,Cladoceran,Daphnia_catawba,1.34,1994
131845587,Grass,1994-06-20,Cladoceran,Daphnia_pulex,0,1994
131845587,Grass,1994-06-20,Cladoceran,Diaphanosoma_birgei,0,1994
131845587,Grass,1994-06-20,Cladoceran,Diaphanosoma_brachyurum,0,1994
131845587,Grass,1994-06-20,Cladoceran,Holopedium_giberum,0.67,1994
131845587,Grass,1994-06-20,Copepod,Aglaodiaptomus_leptpus,0,1994
131845587,Grass,1994-06-20,Copepod,Cyclops_scutifer,0,1994
131845587,Grass,1994-06-20,Copepod,Epischura_lacustris,0,1994
131845587,Grass,1994-06-20,Copepod,Leptodiaptomus_minutus,32.245,1994
131845587,Grass,1994-06-20,Copepod,Mesocyclops_edax,2.847,1994
131845587,Grass,1994-06-20,Copepod,Tropocyclops_extensus,0,1994
131845587,Grass,2001-07-11,Cladoceran,Bosmina_longirostris,2.24167,2001
131845587,Grass,2001-07-11,Cladoceran,Daphnia_catawba,0.15,2001
131845587,Grass,2001-07-11,Cladoceran,Daphnia_pulex,0,2001
131845587,Grass,2001-07-11,Cladoceran,Diaphanosoma_birgei,0,2001
131845587,Grass,2001-07-11,Cladoceran,Diaphanosoma_brachyurum,1.00833,2001
131845587,Grass,2001-07-11,Cladoceran,Holopedium_giberum,7.18333,2001
131845587,Grass,2001-07-11,Copepod,Aglaodiaptomus_leptpus,0,2001
131845587,Grass,2001-07-11,Copepod,Cyclops_scutifer,0,2001
131845587,Grass,2001-07-11,Copepod,Epischura_lacustris,0,2001
131845587,Grass,2001-07-11,Copepod,Leptodiaptomus_minutus,18.49167,2001
131845587,Grass,2001-07-11,Copepod,Mesocyclops_edax,1.58333,2001
131845587,Grass,2001-07-11,Copepod,Tropocyclops_extensus,0.55,2001
131845587,Grass,2005-07-12,Cladoceran,Bosmina_longirostris,0.675,2005
131845587,Grass,2005-07-12,Cladoceran,Daphnia_catawba,7.83,2005
131845587,Grass,2005-07-12,Cladoceran,Daphnia_pulex,0,2005
131845587,Grass,2005-07-12,Cladoceran,Diaphanosoma_birgei,0,2005
131845587,Grass,2005-07-12,Cladoceran,Diaphanosoma_brachyurum,0.135,2005
131845587,Grass,2005-07-12,Cladoceran,Holopedium_giberum,0.135,2005
131845587,Grass,2005-07-12,Copepod,Aglaodiaptomus_leptpus,0,2005
131845587,Grass,2005-07-12,Copepod,Cyclops_scutifer,0,2005
131845587,Grass,2005-07-12,Copepod,Epischura_lacustris,0,2005
131845587,Grass,2005-07-12,Copepod,Leptodiaptomus_minutus,25.785,2005
131845587,Grass,2005-07-12,Copepod,Mesocyclops_edax,4.86,2005
131845587,Grass,2005-07-12,Copepod,Tropocyclops_extensus,2.565,2005
131845587,Grass,2004-07-13,Cladoceran,Bosmina_longirostris,16.91,2004
131845587,Grass,2004-07-13,Cladoceran,Daphnia_catawba,9.31,2004
131845587,Grass,2004-07-13,Cladoceran,Daphnia_pulex,0,2004
131845587,Grass,2004-07-13,Cladoceran,Diaphanosoma_birgei,0,2004
131845587,Grass,2004-07-13,Cladoceran,Diaphanosoma_brachyurum,0.665,2004
131845587,Grass,2004-07-13,Cladoceran,Holopedium_giberum,0,2004
131845587,Grass,2004-07-13,Copepod,Aglaodiaptomus_leptpus,0,2004
131845587,Grass,2004-07-13,Copepod,Cyclops_scutifer,0,2004
131845587,Grass,2004-07-13,Copepod,Epischura_lacustris,0,2004
131845587,Grass,2004-07-13,Copepod,Leptodiaptomus_minutus,41.23,2004
131845587,Grass,2004-07-13,Copepod,Mesocyclops_edax,4.56,2004
131845587,Grass,2004-07-13,Copepod,Tropocyclops_extensus,0,2004
131845587,Grass,2006-07-13,Cladoceran,Bosmina_longirostris,12.15,2006
131845587,Grass,2006-07-13,Cladoceran,Daphnia_catawba,3.15,2006
131845587,Grass,2006-07-13,Cladoceran,Daphnia_pulex,0,2006
131845587,Grass,2006-07-13,Cladoceran,Diaphanosoma_birgei,0,2006
131845587,Grass,2006-07-13,Cladoceran,Diaphanosoma_brachyurum,0.135,2006
131845587,Grass,2006-07-13,Cladoceran,Holopedium_giberum,0.18,2006
131845587,Grass,2006-07-13,Copepod,Aglaodiaptomus_leptpus,0,2006
131845587,Grass,2006-07-13,Copepod,Cyclops_scutifer,0,2006
131845587,Grass,2006-07-13,Copepod,Epischura_lacustris,0,2006
131845587,Grass,2006-07-13,Copepod,Leptodiaptomus_minutus,23.895,2006
131845587,Grass,2006-07-13,Copepod,Mesocyclops_edax,3.825,2006
131845587,Grass,2006-07-13,Copepod,Tropocyclops_extensus,0.765,2006
131845587,Grass,1996-07-19,Cladoceran,Bosmina_longirostris,0,1996
131845587,Grass,1996-07-19,Cladoceran,Daphnia_catawba,3.63911,1996
131845587,Grass,1996-07-19,Cladoceran,Daphnia_pulex,0,1996
131845587,Grass,1996-07-19,Cladoceran,Diaphanosoma_birgei,0,1996
131845587,Grass,1996-07-19,Cladoceran,Diaphanosoma_brachyurum,0,1996
131845587,Grass,1996-07-19,Cladoceran,Holopedium_giberum,1.27688,1996
131845587,Grass,1996-07-19,Copepod,Aglaodiaptomus_leptpus,0,1996
131845587,Grass,1996-07-19,Copepod,Cyclops_scutifer,0,1996
131845587,Grass,1996-07-19,Copepod,Epischura_lacustris,0,1996
131845587,Grass,1996-07-19,Copepod,Leptodiaptomus_minutus,30.071,1996
131845587,Grass,1996-07-19,Copepod,Mesocyclops_edax,5.3629,1996
131845587,Grass,1996-07-19,Copepod,Tropocyclops_extensus,0,1996
131845587,Grass,2000-07-20,Cladoceran,Bosmina_longirostris,0,2000
131845587,Grass,2000-07-20,Cladoceran,Daphnia_catawba,1.61565,2000
131845587,Grass,2000-07-20,Cladoceran,Daphnia_pulex,0,2000
131845587,Grass,2000-07-20,Cladoceran,Diaphanosoma_birgei,0,2000
131845587,Grass,2000-07-20,Cladoceran,Diaphanosoma_brachyurum,2.38095,2000
131845587,Grass,2000-07-20,Cladoceran,Holopedium_giberum,0,2000
131845587,Grass,2000-07-20,Copepod,Aglaodiaptomus_leptpus,0,2000
131845587,Grass,2000-07-20,Copepod,Cyclops_scutifer,0,2000
131845587,Grass,2000-07-20,Copepod,Epischura_lacustris,0,2000
131845587,Grass,2000-07-20,Copepod,Leptodiaptomus_minutus,16.07143,2000
131845587,Grass,2000-07-20,Copepod,Mesocyclops_edax,6.54762,2000
131845587,Grass,2000-07-20,Copepod,Tropocyclops_extensus,1.61565,2000
131845587,Grass,1994-07-25,Cladoceran,Bosmina_longirostris,1.84899,1994
131845587,Grass,1994-07-25,Cladoceran,Daphnia_catawba,3.40259,1994
131845587,Grass,1994-07-25,Cladoceran,Daphnia_pulex,0,1994
131845587,Grass,1994-07-25,Cladoceran,Diaphanosoma_birgei,0,1994
131845587,Grass,1994-07-25,Cladoceran,Diaphanosoma_brachyurum,0.22539,1994
131845587,Grass,1994-07-25,Cladoceran,Holopedium_giberum,2.44601,1994
131845587,Grass,1994-07-25,Copepod,Aglaodiaptomus_leptpus,0,1994
131845587,Grass,1994-07-25,Copepod,Cyclops_scutifer,0,1994
131845587,Grass,1994-07-25,Copepod,Epischura_lacustris,0,1994
131845587,Grass,1994-07-25,Copepod,Leptodiaptomus_minutus,33.71,1994
131845587,Grass,1994-07-25,Copepod,Mesocyclops_edax,3.13303,1994
131845587,Grass,1994-07-25,Copepod,Tropocyclops_extensus,1.42569,1994
131845587,Grass,1997-07-08,Cladoceran,Bosmina_longirostris,2.77,1997
131845587,Grass,1997-07-08,Cladoceran,Daphnia_catawba,1.73148,1997
131845587,Grass,1997-07-08,Cladoceran,Daphnia_pulex,0,1997
131845587,Grass,1997-07-08,Cladoceran,Diaphanosoma_birgei,0,1997
131845587,Grass,1997-07-08,Cladoceran,Diaphanosoma_brachyurum,1.38519,1997
131845587,Grass,1997-07-08,Cladoceran,Holopedium_giberum,6.76852,1997
131845587,Grass,1997-07-08,Copepod,Aglaodiaptomus_leptpus,0,1997
131845587,Grass,1997-07-08,Copepod,Cyclops_scutifer,0,1997
131845587,Grass,1997-07-08,Copepod,Epischura_lacustris,0,1997
131845587,Grass,1997-07-08,Copepod,Leptodiaptomus_minutus,24.39785,1997
131845587,Grass,1997-07-08,Copepod,Mesocyclops_edax,4.37593,1997
131845587,Grass,1997-07-08,Copepod,Tropocyclops_extensus,3.52593,1997
131845587,Grass,1999-07-08,Cladoceran,Bosmina_longirostris,0,1999
131845587,Grass,1999-07-08,Cladoceran,Daphnia_catawba,0.93484,1999
131845587,Grass,1999-07-08,Cladoceran,Daphnia_pulex,0,1999
131845587,Grass,1999-07-08,Cladoceran,Diaphanosoma_birgei,0,1999
131845587,Grass,1999-07-08,Cladoceran,Diaphanosoma_brachyurum,8.12087,1999
131845587,Grass,1999-07-08,Cladoceran,Holopedium_giberum,0.661,1999
131845587,Grass,1999-07-08,Copepod,Aglaodiaptomus_leptpus,0,1999
131845587,Grass,1999-07-08,Copepod,Cyclops_scutifer,0,1999
131845587,Grass,1999-07-08,Copepod,Epischura_lacustris,0,1999
131845587,Grass,1999-07-08,Copepod,Leptodiaptomus_minutus,25.66572,1999
131845587,Grass,1999-07-08,Copepod,Mesocyclops_edax,7.84703,1999
131845587,Grass,1999-07-08,Copepod,Tropocyclops_extensus,0,1999
131845587,Grass,1998-07-09,Cladoceran,Bosmina_longirostris,0,1998
131845587,Grass,1998-07-09,Cladoceran,Daphnia_catawba,5.985,1998
131845587,Grass,1998-07-09,Cladoceran,Daphnia_pulex,0,1998
131845587,Grass,1998-07-09,Cladoceran,Diaphanosoma_birgei,0,1998
131845587,Grass,1998-07-09,Cladoceran,Diaphanosoma_brachyurum,0.9975,1998
131845587,Grass,1998-07-09,Cladoceran,Holopedium_giberum,3.23,1998
131845587,Grass,1998-07-09,Copepod,Aglaodiaptomus_leptpus,0,1998
131845587,Grass,1998-07-09,Copepod,Cyclops_scutifer,0,1998
131845587,Grass,1998-07-09,Copepod,Epischura_lacustris,0,1998
131845587,Grass,1998-07-09,Copepod,Leptodiaptomus_minutus,14.82,1998
131845587,Grass,1998-07-09,Copepod,Mesocyclops_edax,1.0925,1998
131845587,Grass,1998-07-09,Copepod,Tropocyclops_extensus,0,1998
131845587,Grass,2003-07-09,Cladoceran,Bosmina_longirostris,2.18422,2003
131845587,Grass,2003-07-09,Cladoceran,Daphnia_catawba,0.57606,2003
131845587,Grass,2003-07-09,Cladoceran,Daphnia_pulex,0,2003
131845587,Grass,2003-07-09,Cladoceran,Diaphanosoma_birgei,0,2003
131845587,Grass,2003-07-09,Cladoceran,Diaphanosoma_brachyurum,0.40804,2003
131845587,Grass,2003-07-09,Cladoceran,Holopedium_giberum,0.14401,2003
131845587,Grass,2003-07-09,Copepod,Aglaodiaptomus_leptpus,0,2003
131845587,Grass,2003-07-09,Copepod,Cyclops_scutifer,0,2003
131845587,Grass,2003-07-09,Copepod,Epischura_lacustris,0,2003
131845587,Grass,2003-07-09,Copepod,Leptodiaptomus_minutus,29.13891,2003
131845587,Grass,2003-07-09,Copepod,Mesocyclops_edax,2.18422,2003
131845587,Grass,2003-07-09,Copepod,Tropocyclops_extensus,0,2003
131845587,Grass,1997-08-12,Cladoceran,Bosmina_longirostris,4.95968,1997
131845587,Grass,1997-08-12,Cladoceran,Daphnia_catawba,2.18952,1997
131845587,Grass,1997-08-12,Cladoceran,Daphnia_pulex,0,1997
131845587,Grass,1997-08-12,Cladoceran,Diaphanosoma_birgei,0,1997
131845587,Grass,1997-08-12,Cladoceran,Diaphanosoma_brachyurum,1.08871,1997
131845587,Grass,1997-08-12,Cladoceran,Holopedium_giberum,3.59274,1997
131845587,Grass,1997-08-12,Copepod,Aglaodiaptomus_leptpus,0,1997
131845587,Grass,1997-08-12,Copepod,Cyclops_scutifer,0,1997
131845587,Grass,1997-08-12,Copepod,Epischura_lacustris,0,1997
131845587,Grass,1997-08-12,Copepod,Leptodiaptomus_minutus,21.66532,1997
131845587,Grass,1997-08-12,Copepod,Mesocyclops_edax,2.49194,1997
131845587,Grass,1997-08-12,Copepod,Tropocyclops_extensus,1.75361,1997
131845587,Grass,1998-08-12,Cladoceran,Bosmina_longirostris,0,1998
131845587,Grass,1998-08-12,Cladoceran,Daphnia_catawba,2.5875,1998
131845587,Grass,1998-08-12,Cladoceran,Daphnia_pulex,0,1998
131845587,Grass,1998-08-12,Cladoceran,Diaphanosoma_birgei,0,1998
131845587,Grass,1998-08-12,Cladoceran,Diaphanosoma_brachyurum,0.825,1998
131845587,Grass,1998-08-12,Cladoceran,Holopedium_giberum,2.0625,1998
131845587,Grass,1998-08-12,Copepod,Aglaodiaptomus_leptpus,0,1998
131845587,Grass,1998-08-12,Copepod,Cyclops_scutifer,0,1998
131845587,Grass,1998-08-12,Copepod,Epischura_lacustris,0,1998
131845587,Grass,1998-08-12,Copepod,Leptodiaptomus_minutus,13.5375,1998
131845587,Grass,1998-08-12,Copepod,Mesocyclops_edax,5.813,1998
131845587,Grass,1998-08-12,Copepod,Tropocyclops_extensus,0,1998
131845587,Grass,1996-08-14,Cladoceran,Bosmina_longirostris,0,1996
131845587,Grass,1996-08-14,Cladoceran,Daphnia_catawba,6.12399,1996
131845587,Grass,1996-08-14,Cladoceran,Daphnia_pulex,0,1996
131845587,Grass,1996-08-14,Cladoceran,Diaphanosoma_birgei,0,1996
131845587,Grass,1996-08-14,Cladoceran,Diaphanosoma_brachyurum,0,1996
131845587,Grass,1996-08-14,Cladoceran,Holopedium_giberum,1.87258,1996
131845587,Grass,1996-08-14,Copepod,Aglaodiaptomus_leptpus,0,1996
131845587,Grass,1996-08-14,Copepod,Cyclops_scutifer,0,1996
131845587,Grass,1996-08-14,Copepod,Epischura_lacustris,0,1996
131845587,Grass,1996-08-14,Copepod,Leptodiaptomus_minutus,19.20464,1996
131845587,Grass,1996-08-14,Copepod,Mesocyclops_edax,1.10504,1996
131845587,Grass,1996-08-14,Copepod,Tropocyclops_extensus,1.97056,1996
131845587,Grass,1995-08-15,Cladoceran,Bosmina_longirostris,0,1995
131845587,Grass,1995-08-15,Cladoceran,Daphnia_catawba,6.188,1995
131845587,Grass,1995-08-15,Cladoceran,Daphnia_pulex,0,1995
131845587,Grass,1995-08-15,Cladoceran,Diaphanosoma_birgei,0,1995
131845587,Grass,1995-08-15,Cladoceran,Diaphanosoma_brachyurum,0.375,1995
131845587,Grass,1995-08-15,Cladoceran,Holopedium_giberum,0,1995
131845587,Grass,1995-08-15,Copepod,Aglaodiaptomus_leptpus,0,1995
131845587,Grass,1995-08-15,Copepod,Cyclops_scutifer,0,1995
131845587,Grass,1995-08-15,Copepod,Epischura_lacustris,0,1995
131845587,Grass,1995-08-15,Copepod,Leptodiaptomus_minutus,32.251,1995
131845587,Grass,1995-08-15,Copepod,Mesocyclops_edax,3,1995
131845587,Grass,1995-08-15,Copepod,Tropocyclops_extensus,0,1995
131845587,Grass,2000-08-16,Cladoceran,Bosmina_longirostris,0,2000
131845587,Grass,2000-08-16,Cladoceran,Daphnia_catawba,1.63541,2000
131845587,Grass,2000-08-16,Cladoceran,Daphnia_pulex,0,2000
131845587,Grass,2000-08-16,Cladoceran,Diaphanosoma_birgei,0,2000
131845587,Grass,2000-08-16,Cladoceran,Diaphanosoma_brachyurum,0.42011,2000
131845587,Grass,2000-08-16,Cladoceran,Holopedium_giberum,0,2000
131845587,Grass,2000-08-16,Copepod,Aglaodiaptomus_leptpus,0,2000
131845587,Grass,2000-08-16,Copepod,Cyclops_scutifer,0,2000
131845587,Grass,2000-08-16,Copepod,Epischura_lacustris,0,2000
131845587,Grass,2000-08-16,Copepod,Leptodiaptomus_minutus,12.84321,2000
131845587,Grass,2000-08-16,Copepod,Mesocyclops_edax,2.34059,2000
131845587,Grass,2000-08-16,Copepod,Tropocyclops_extensus,7.77194,2000
131845587,Grass,1999-08-18,Cladoceran,Bosmina_longirostris,0,1999
131845587,Grass,1999-08-18,Cladoceran,Daphnia_catawba,6.4,1999
131845587,Grass,1999-08-18,Cladoceran,Daphnia_pulex,0,1999
131845587,Grass,1999-08-18,Cladoceran,Diaphanosoma_birgei,0,1999
131845587,Grass,1999-08-18,Cladoceran,Diaphanosoma_brachyurum,5.32,1999
131845587,Grass,1999-08-18,Cladoceran,Holopedium_giberum,2.33,1999
131845587,Grass,1999-08-18,Copepod,Aglaodiaptomus_leptpus,0,1999
131845587,Grass,1999-08-18,Copepod,Cyclops_scutifer,0,1999
131845587,Grass,1999-08-18,Copepod,Epischura_lacustris,0,1999
131845587,Grass,1999-08-18,Copepod,Leptodiaptomus_minutus,19.51,1999
131845587,Grass,1999-08-18,Copepod,Mesocyclops_edax,13.19,1999
131845587,Grass,1999-08-18,Copepod,Tropocyclops_extensus,20.29,1999
131845587,Grass,1994-08-23,Cladoceran,Bosmina_longirostris,0.07658,1994
131845587,Grass,1994-08-23,Cladoceran,Daphnia_catawba,4.97748,1994
131845587,Grass,1994-08-23,Cladoceran,Daphnia_pulex,0,1994
131845587,Grass,1994-08-23,Cladoceran,Diaphanosoma_birgei,0,1994
131845587,Grass,1994-08-23,Cladoceran,Diaphanosoma_brachyurum,0,1994
131845587,Grass,1994-08-23,Cladoceran,Holopedium_giberum,0.02252,1994
131845587,Grass,1994-08-23,Copepod,Aglaodiaptomus_leptpus,0,1994
131845587,Grass,1994-08-23,Copepod,Cyclops_scutifer,0,1994
131845587,Grass,1994-08-23,Copepod,Epischura_lacustris,0,1994
131845587,Grass,1994-08-23,Copepod,Leptodiaptomus_minutus,5.22973,1994
131845587,Grass,1994-08-23,Copepod,Mesocyclops_edax,1.6967,1994
131845587,Grass,1994-08-23,Copepod,Tropocyclops_extensus,0,1994
131845587,Grass,2004-08-03,Cladoceran,Bosmina_longirostris,0.55,2004
131845587,Grass,2004-08-03,Cladoceran,Daphnia_catawba,9.05,2004
131845587,Grass,2004-08-03,Cladoceran,Daphnia_pulex,0,2004
131845587,Grass,2004-08-03,Cladoceran,Diaphanosoma_birgei,0,2004
131845587,Grass,2004-08-03,Cladoceran,Diaphanosoma_brachyurum,0,2004
131845587,Grass,2004-08-03,Cladoceran,Holopedium_giberum,0.05,2004
131845587,Grass,2004-08-03,Copepod,Aglaodiaptomus_leptpus,0,2004
131845587,Grass,2004-08-03,Copepod,Cyclops_scutifer,0,2004
131845587,Grass,2004-08-03,Copepod,Epischura_lacustris,0,2004
131845587,Grass,2004-08-03,Copepod,Leptodiaptomus_minutus,19.6,2004
131845587,Grass,2004-08-03,Copepod,Mesocyclops_edax,2.4,2004
131845587,Grass,2004-08-03,Copepod,Tropocyclops_extensus,1.45,2004
131845587,Grass,2003-08-06,Cladoceran,Bosmina_longirostris,17.91073,2003
131845587,Grass,2003-08-06,Cladoceran,Daphnia_catawba,0.7033,2003
131845587,Grass,2003-08-06,Cladoceran,Daphnia_pulex,0,2003
131845587,Grass,2003-08-06,Cladoceran,Diaphanosoma_birgei,0,2003
131845587,Grass,2003-08-06,Cladoceran,Diaphanosoma_brachyurum,2.62566,2003
131845587,Grass,2003-08-06,Cladoceran,Holopedium_giberum,0.04689,2003
131845587,Grass,2003-08-06,Copepod,Aglaodiaptomus_leptpus,0,2003
131845587,Grass,2003-08-06,Copepod,Cyclops_scutifer,0,2003
131845587,Grass,2003-08-06,Copepod,Epischura_lacustris,0,2003
131845587,Grass,2003-08-06,Copepod,Leptodiaptomus_minutus,29.81995,2003
131845587,Grass,2003-08-06,Copepod,Mesocyclops_edax,2.29745,2003
131845587,Grass,2003-08-06,Copepod,Tropocyclops_extensus,2.62566,2003
131845587,Grass,2005-08-09,Cladoceran,Bosmina_longirostris,0.95,2005
131845587,Grass,2005-08-09,Cladoceran,Daphnia_catawba,19.475,2005
131845587,Grass,2005-08-09,Cladoceran,Daphnia_pulex,0,2005
131845587,Grass,2005-08-09,Cladoceran,Diaphanosoma_birgei,0,2005
131845587,Grass,2005-08-09,Cladoceran,Diaphanosoma_brachyurum,0.475,2005
131845587,Grass,2005-08-09,Cladoceran,Holopedium_giberum,1.50417,2005
131845587,Grass,2005-08-09,Copepod,Aglaodiaptomus_leptpus,0,2005
131845587,Grass,2005-08-09,Copepod,Cyclops_scutifer,0,2005
131845587,Grass,2005-08-09,Copepod,Epischura_lacustris,0,2005
131845587,Grass,2005-08-09,Copepod,Leptodiaptomus_minutus,17.73333,2005
131845587,Grass,2005-08-09,Copepod,Mesocyclops_edax,3.5625,2005
131845587,Grass,2005-08-09,Copepod,Tropocyclops_extensus,1.425,2005
131845587,Grass,2006-08-09,Cladoceran,Bosmina_longirostris,2.3,2006
131845587,Grass,2006-08-09,Cladoceran,Daphnia_catawba,9.3,2006
131845587,Grass,2006-08-09,Cladoceran,Daphnia_pulex,0,2006
131845587,Grass,2006-08-09,Cladoceran,Diaphanosoma_birgei,0,2006
131845587,Grass,2006-08-09,Cladoceran,Diaphanosoma_brachyurum,0.15,2006
131845587,Grass,2006-08-09,Cladoceran,Holopedium_giberum,0.45,2006
131845587,Grass,2006-08-09,Copepod,Aglaodiaptomus_leptpus,0,2006
131845587,Grass,2006-08-09,Copepod,Cyclops_scutifer,0,2006
131845587,Grass,2006-08-09,Copepod,Epischura_lacustris,0,2006
131845587,Grass,2006-08-09,Copepod,Leptodiaptomus_minutus,22.85,2006
131845587,Grass,2006-08-09,Copepod,Mesocyclops_edax,1.7,2006
131845587,Grass,2006-08-09,Copepod,Tropocyclops_extensus,1.9,2006
131845587,Grass,2002-09-13,Cladoceran,Bosmina_longirostris,1.2,2002
131845587,Grass,2002-09-13,Cladoceran,Daphnia_catawba,1.0875,2002
131845587,Grass,2002-09-13,Cladoceran,Daphnia_pulex,0,2002
131845587,Grass,2002-09-13,Cladoceran,Diaphanosoma_birgei,0,2002
131845587,Grass,2002-09-13,Cladoceran,Diaphanosoma_brachyurum,0.3,2002
131845587,Grass,2002-09-13,Cladoceran,Holopedium_giberum,0.7125,2002
131845587,Grass,2002-09-13,Copepod,Aglaodiaptomus_leptpus,0,2002
131845587,Grass,2002-09-13,Copepod,Cyclops_scutifer,0,2002
131845587,Grass,2002-09-13,Copepod,Epischura_lacustris,0,2002
131845587,Grass,2002-09-13,Copepod,Leptodiaptomus_minutus,6.7875,2002
131845587,Grass,2002-09-13,Copepod,Mesocyclops_edax,4.725,2002
131845587,Grass,2002-09-13,Copepod,Tropocyclops_extensus,3.4875,2002
131845587,Grass,2002-09-18,Cladoceran,Bosmina_longirostris,1.65,2002
131845587,Grass,2002-09-18,Cladoceran,Daphnia_catawba,0.825,2002
131845587,Grass,2002-09-18,Cladoceran,Daphnia_pulex,0,2002
131845587,Grass,2002-09-18,Cladoceran,Diaphanosoma_birgei,0,2002
131845587,Grass,2002-09-18,Cladoceran,Diaphanosoma_brachyurum,0,2002
131845587,Grass,2002-09-18,Cladoceran,Holopedium_giberum,0.8625,2002
131845587,Grass,2002-09-18,Copepod,Aglaodiaptomus_leptpus,0,2002
131845587,Grass,2002-09-18,Copepod,Cyclops_scutifer,0,2002
131845587,Grass,2002-09-18,Copepod,Epischura_lacustris,0,2002
131845587,Grass,2002-09-18,Copepod,Leptodiaptomus_minutus,7.35,2002
131845587,Grass,2002-09-18,Copepod,Mesocyclops_edax,14.775,2002
131845587,Grass,2002-09-18,Copepod,Tropocyclops_extensus,6,2002
131845587,Grass,1995-09-07,Cladoceran,Bosmina_longirostris,0,1995
131845587,Grass,1995-09-07,Cladoceran,Daphnia_catawba,5.80645,1995
131845587,Grass,1995-09-07,Cladoceran,Daphnia_pulex,0,1995
131845587,Grass,1995-09-07,Cladoceran,Diaphanosoma_birgei,0,1995
131845587,Grass,1995-09-07,Cladoceran,Diaphanosoma_brachyurum,0,1995
131845587,Grass,1995-09-07,Cladoceran,Holopedium_giberum,0,1995
131845587,Grass,1995-09-07,Copepod,Aglaodiaptomus_leptpus,0,1995
131845587,Grass,1995-09-07,Copepod,Cyclops_scutifer,0,1995
131845587,Grass,1995-09-07,Copepod,Epischura_lacustris,0,1995
131845587,Grass,1995-09-07,Copepod,Leptodiaptomus_minutus,16.29435,1995
131845587,Grass,1995-09-07,Copepod,Mesocyclops_edax,0,1995
131845587,Grass,1995-09-07,Copepod,Tropocyclops_extensus,4.60887,1995
131845587,Grass,2001-09-07,Cladoceran,Bosmina_longirostris,1.725,2001
131845587,Grass,2001-09-07,Cladoceran,Daphnia_catawba,0.08125,2001
131845587,Grass,2001-09-07,Cladoceran,Daphnia_pulex,0,2001
131845587,Grass,2001-09-07,Cladoceran,Diaphanosoma_birgei,0,2001
131845587,Grass,2001-09-07,Cladoceran,Diaphanosoma_brachyurum,0.08125,2001
131845587,Grass,2001-09-07,Cladoceran,Holopedium_giberum,0.1625,2001
131845587,Grass,2001-09-07,Copepod,Aglaodiaptomus_leptpus,0,2001
131845587,Grass,2001-09-07,Copepod,Cyclops_scutifer,0,2001
131845587,Grass,2001-09-07,Copepod,Epischura_lacustris,0,2001
131845587,Grass,2001-09-07,Copepod,Leptodiaptomus_minutus,8.969,2001
131845587,Grass,2001-09-07,Copepod,Mesocyclops_edax,5.43125,2001
131845587,Grass,2001-09-07,Copepod,Tropocyclops_extensus,7.26875,2001
131845836,Indian,1995-06-20,Cladoceran,Bosmina_longirostris,1.975,1995
131845836,Indian,1995-06-20,Cladoceran,Daphnia_catawba,0,1995
131845836,Indian,1995-06-20,Cladoceran,Daphnia_pulex,1.05,1995
131845836,Indian,1995-06-20,Cladoceran,Diaphanosoma_birgei,0,1995
131845836,Indian,1995-06-20,Cladoceran,Diaphanosoma_brachyurum,0,1995
131845836,Indian,1995-06-20,Cladoceran,Holopedium_giberum,0,1995
131845836,Indian,1995-06-20,Copepod,Aglaodiaptomus_leptpus,0.35,1995
131845836,Indian,1995-06-20,Copepod,Cyclops_scutifer,0,1995
131845836,Indian,1995-06-20,Copepod,Epischura_lacustris,0,1995
131845836,Indian,1995-06-20,Copepod,Leptodiaptomus_minutus,18.75,1995
131845836,Indian,1995-06-20,Copepod,Mesocyclops_edax,1.025,1995
131845836,Indian,1995-06-20,Copepod,Tropocyclops_extensus,0,1995
131845836,Indian,1996-06-26,Cladoceran,Bosmina_longirostris,22.68,1996
131845836,Indian,1996-06-26,Cladoceran,Daphnia_catawba,0,1996
131845836,Indian,1996-06-26,Cladoceran,Daphnia_pulex,1.35,1996
131845836,Indian,1996-06-26,Cladoceran,Diaphanosoma_birgei,0,1996
131845836,Indian,1996-06-26,Cladoceran,Diaphanosoma_brachyurum,0.135,1996
131845836,Indian,1996-06-26,Cladoceran,Holopedium_giberum,0,1996
131845836,Indian,1996-06-26,Copepod,Aglaodiaptomus_leptpus,1.485,1996
131845836,Indian,1996-06-26,Copepod,Cyclops_scutifer,0,1996
131845836,Indian,1996-06-26,Copepod,Epischura_lacustris,0,1996
131845836,Indian,1996-06-26,Copepod,Leptodiaptomus_minutus,14.445,1996
131845836,Indian,1996-06-26,Copepod,Mesocyclops_edax,1.08,1996
131845836,Indian,1996-06-26,Copepod,Tropocyclops_extensus,0,1996
131845836,Indian,1994-06-28,Cladoceran,Bosmina_longirostris,6.36463,1994
131845836,Indian,1994-06-28,Cladoceran,Daphnia_catawba,0,1994
131845836,Indian,1994-06-28,Cladoceran,Daphnia_pulex,0.38043,1994
131845836,Indian,1994-06-28,Cladoceran,Diaphanosoma_birgei,0,1994
131845836,Indian,1994-06-28,Cladoceran,Diaphanosoma_brachyurum,0,1994
131845836,Indian,1994-06-28,Cladoceran,Holopedium_giberum,0,1994
131845836,Indian,1994-06-28,Copepod,Aglaodiaptomus_leptpus,0.98024,1994
131845836,Indian,1994-06-28,Copepod,Cyclops_scutifer,0,1994
131845836,Indian,1994-06-28,Copepod,Epischura_lacustris,0,1994
131845836,Indian,1994-06-28,Copepod,Leptodiaptomus_minutus,15.05074,1994
131845836,Indian,1994-06-28,Copepod,Mesocyclops_edax,1.72167,1994
131845836,Indian,1994-06-28,Copepod,Tropocyclops_extensus,0,1994
131845836,Indian,1999-06-29,Cladoceran,Bosmina_longirostris,56.20397,1999
131845836,Indian,1999-06-29,Cladoceran,Daphnia_catawba,0,1999
131845836,Indian,1999-06-29,Cladoceran,Daphnia_pulex,1.51086,1999
131845836,Indian,1999-06-29,Cladoceran,Diaphanosoma_birgei,0,1999
131845836,Indian,1999-06-29,Cladoceran,Diaphanosoma_brachyurum,0,1999
131845836,Indian,1999-06-29,Cladoceran,Holopedium_giberum,0,1999
131845836,Indian,1999-06-29,Copepod,Aglaodiaptomus_leptpus,1.48253,1999
131845836,Indian,1999-06-29,Copepod,Cyclops_scutifer,0,1999
131845836,Indian,1999-06-29,Copepod,Epischura_lacustris,0,1999
131845836,Indian,1999-06-29,Copepod,Leptodiaptomus_minutus,27.43154,1999
131845836,Indian,1999-06-29,Copepod,Mesocyclops_edax,1.88857,1999
131845836,Indian,1999-06-29,Copepod,Tropocyclops_extensus,0,1999
131845836,Indian,2000-07-11,Cladoceran,Bosmina_longirostris,2.78729,2000
131845836,Indian,2000-07-11,Cladoceran,Daphnia_catawba,0,2000
131845836,Indian,2000-07-11,Cladoceran,Daphnia_pulex,2.44499,2000
131845836,Indian,2000-07-11,Cladoceran,Diaphanosoma_birgei,0,2000
131845836,Indian,2000-07-11,Cladoceran,Diaphanosoma_brachyurum,0,2000
131845836,Indian,2000-07-11,Cladoceran,Holopedium_giberum,0,2000
131845836,Indian,2000-07-11,Copepod,Aglaodiaptomus_leptpus,0,2000
131845836,Indian,2000-07-11,Copepod,Cyclops_scutifer,0,2000
131845836,Indian,2000-07-11,Copepod,Epischura_lacustris,0,2000
131845836,Indian,2000-07-11,Copepod,Leptodiaptomus_minutus,27.50611,2000
131845836,Indian,2000-07-11,Copepod,Mesocyclops_edax,0.7824,2000
131845836,Indian,2000-07-11,Copepod,Tropocyclops_extensus,0,2000
131845836,Indian,2005-07-11,Cladoceran,Bosmina_longirostris,7.45,2005
131845836,Indian,2005-07-11,Cladoceran,Daphnia_catawba,0,2005
131845836,Indian,2005-07-11,Cladoceran,Daphnia_pulex,1.05,2005
131845836,Indian,2005-07-11,Cladoceran,Diaphanosoma_birgei,0,2005
131845836,Indian,2005-07-11,Cladoceran,Diaphanosoma_brachyurum,0.05,2005
131845836,Indian,2005-07-11,Cladoceran,Holopedium_giberum,0,2005
131845836,Indian,2005-07-11,Copepod,Aglaodiaptomus_leptpus,0.425,2005
131845836,Indian,2005-07-11,Copepod,Cyclops_scutifer,0,2005
131845836,Indian,2005-07-11,Copepod,Epischura_lacustris,0,2005
131845836,Indian,2005-07-11,Copepod,Leptodiaptomus_minutus,15.575,2005
131845836,Indian,2005-07-11,Copepod,Mesocyclops_edax,0.8,2005
131845836,Indian,2005-07-11,Copepod,Tropocyclops_extensus,0,2005
131845836,Indian,2006-07-11,Cladoceran,Bosmina_longirostris,20.58,2006
131845836,Indian,2006-07-11,Cladoceran,Daphnia_catawba,0,2006
131845836,Indian,2006-07-11,Cladoceran,Daphnia_pulex,0.64,2006
131845836,Indian,2006-07-11,Cladoceran,Diaphanosoma_birgei,0,2006
131845836,Indian,2006-07-11,Cladoceran,Diaphanosoma_brachyurum,0,2006
131845836,Indian,2006-07-11,Cladoceran,Holopedium_giberum,0,2006
131845836,Indian,2006-07-11,Copepod,Aglaodiaptomus_leptpus,0.04,2006
131845836,Indian,2006-07-11,Copepod,Cyclops_scutifer,0,2006
131845836,Indian,2006-07-11,Copepod,Epischura_lacustris,0,2006
131845836,Indian,2006-07-11,Copepod,Leptodiaptomus_minutus,11.74,2006
131845836,Indian,2006-07-11,Copepod,Mesocyclops_edax,2.88,2006
131845836,Indian,2006-07-11,Copepod,Tropocyclops_extensus,0,2006
131845836,Indian,2004-07-13,Cladoceran,Bosmina_longirostris,12.255,2004
131845836,Indian,2004-07-13,Cladoceran,Daphnia_catawba,1.264,2004
131845836,Indian,2004-07-13,Cladoceran,Daphnia_pulex,0.06,2004
131845836,Indian,2004-07-13,Cladoceran,Diaphanosoma_birgei,0,2004
131845836,Indian,2004-07-13,Cladoceran,Diaphanosoma_brachyurum,0,2004
131845836,Indian,2004-07-13,Cladoceran,Holopedium_giberum,0,2004
131845836,Indian,2004-07-13,Copepod,Aglaodiaptomus_leptpus,0.0975,2004
131845836,Indian,2004-07-13,Copepod,Cyclops_scutifer,0,2004
131845836,Indian,2004-07-13,Copepod,Epischura_lacustris,0,2004
131845836,Indian,2004-07-13,Copepod,Leptodiaptomus_minutus,15.14625,2004
131845836,Indian,2004-07-13,Copepod,Mesocyclops_edax,0.56625,2004
131845836,Indian,2004-07-13,Copepod,Tropocyclops_extensus,0,2004
131845836,Indian,1997-07-14,Cladoceran,Bosmina_longirostris,12.79167,1997
131845836,Indian,1997-07-14,Cladoceran,Daphnia_catawba,0,1997
131845836,Indian,1997-07-14,Cladoceran,Daphnia_pulex,3.33333,1997
131845836,Indian,1997-07-14,Cladoceran,Diaphanosoma_birgei,0,1997
131845836,Indian,1997-07-14,Cladoceran,Diaphanosoma_brachyurum,0.08333,1997
131845836,Indian,1997-07-14,Cladoceran,Holopedium_giberum,0.125,1997
131845836,Indian,1997-07-14,Copepod,Aglaodiaptomus_leptpus,1,1997
131845836,Indian,1997-07-14,Copepod,Cyclops_scutifer,0,1997
131845836,Indian,1997-07-14,Copepod,Epischura_lacustris,0,1997
131845836,Indian,1997-07-14,Copepod,Leptodiaptomus_minutus,14.33367,1997
131845836,Indian,1997-07-14,Copepod,Mesocyclops_edax,1.25,1997
131845836,Indian,1997-07-14,Copepod,Tropocyclops_extensus,0,1997
131845836,Indian,1998-07-14,Cladoceran,Bosmina_longirostris,4.11956,1998
131845836,Indian,1998-07-14,Cladoceran,Daphnia_catawba,0,1998
131845836,Indian,1998-07-14,Cladoceran,Daphnia_pulex,0.368,1998
131845836,Indian,1998-07-14,Cladoceran,Diaphanosoma_birgei,0,1998
131845836,Indian,1998-07-14,Cladoceran,Diaphanosoma_brachyurum,0.03067,1998
131845836,Indian,1998-07-14,Cladoceran,Holopedium_giberum,0,1998
131845836,Indian,1998-07-14,Copepod,Aglaodiaptomus_leptpus,0.092,1998
131845836,Indian,1998-07-14,Copepod,Cyclops_scutifer,0,1998
131845836,Indian,1998-07-14,Copepod,Epischura_lacustris,0,1998
131845836,Indian,1998-07-14,Copepod,Leptodiaptomus_minutus,3.036,1998
131845836,Indian,1998-07-14,Copepod,Mesocyclops_edax,0.29644,1998
131845836,Indian,1998-07-14,Copepod,Tropocyclops_extensus,0,1998
131845836,Indian,1996-07-23,Cladoceran,Bosmina_longirostris,19.52976,1996
131845836,Indian,1996-07-23,Cladoceran,Daphnia_catawba,0,1996
131845836,Indian,1996-07-23,Cladoceran,Daphnia_pulex,0.47897,1996
131845836,Indian,1996-07-23,Cladoceran,Diaphanosoma_birgei,0,1996
131845836,Indian,1996-07-23,Cladoceran,Diaphanosoma_brachyurum,0.11131,1996
131845836,Indian,1996-07-23,Cladoceran,Holopedium_giberum,0,1996
131845836,Indian,1996-07-23,Copepod,Aglaodiaptomus_leptpus,0.272,1996
131845836,Indian,1996-07-23,Copepod,Cyclops_scutifer,0,1996
131845836,Indian,1996-07-23,Copepod,Epischura_lacustris,0,1996
131845836,Indian,1996-07-23,Copepod,Leptodiaptomus_minutus,14.781,1996
131845836,Indian,1996-07-23,Copepod,Mesocyclops_edax,0.853,1996
131845836,Indian,1996-07-23,Copepod,Tropocyclops_extensus,0,1996
131845836,Indian,2001-07-09,Cladoceran,Bosmina_longirostris,26.55556,2001
131845836,Indian,2001-07-09,Cladoceran,Daphnia_catawba,0,2001
131845836,Indian,2001-07-09,Cladoceran,Daphnia_pulex,1.10417,2001
131845836,Indian,2001-07-09,Cladoceran,Diaphanosoma_birgei,0,2001
131845836,Indian,2001-07-09,Cladoceran,Diaphanosoma_brachyurum,0,2001
131845836,Indian,2001-07-09,Cladoceran,Holopedium_giberum,0,2001
131845836,Indian,2001-07-09,Copepod,Aglaodiaptomus_leptpus,0,2001
131845836,Indian,2001-07-09,Copepod,Cyclops_scutifer,0,2001
131845836,Indian,2001-07-09,Copepod,Epischura_lacustris,0,2001
131845836,Indian,2001-07-09,Copepod,Leptodiaptomus_minutus,15.10417,2001
131845836,Indian,2001-07-09,Copepod,Mesocyclops_edax,1.36458,2001
131845836,Indian,2001-07-09,Copepod,Tropocyclops_extensus,0,2001
131845836,Indian,2003-07-09,Cladoceran,Bosmina_longirostris,17.8,2003
131845836,Indian,2003-07-09,Cladoceran,Daphnia_catawba,0.44,2003
131845836,Indian,2003-07-09,Cladoceran,Daphnia_pulex,0,2003
131845836,Indian,2003-07-09,Cladoceran,Diaphanosoma_birgei,0,2003
131845836,Indian,2003-07-09,Cladoceran,Diaphanosoma_brachyurum,0,2003
131845836,Indian,2003-07-09,Cladoceran,Holopedium_giberum,0,2003
131845836,Indian,2003-07-09,Copepod,Aglaodiaptomus_leptpus,1.96,2003
131845836,Indian,2003-07-09,Copepod,Cyclops_scutifer,0,2003
131845836,Indian,2003-07-09,Copepod,Epischura_lacustris,0,2003
131845836,Indian,2003-07-09,Copepod,Leptodiaptomus_minutus,15.16,2003
131845836,Indian,2003-07-09,Copepod,Mesocyclops_edax,1.68,2003
131845836,Indian,2003-07-09,Copepod,Tropocyclops_extensus,0,2003
131845836,Indian,1998-08-10,Cladoceran,Bosmina_longirostris,5.55926,1998
131845836,Indian,1998-08-10,Cladoceran,Daphnia_catawba,0,1998
131845836,Indian,1998-08-10,Cladoceran,Daphnia_pulex,0.09383,1998
131845836,Indian,1998-08-10,Cladoceran,Diaphanosoma_birgei,0,1998
131845836,Indian,1998-08-10,Cladoceran,Diaphanosoma_brachyurum,0.02346,1998
131845836,Indian,1998-08-10,Cladoceran,Holopedium_giberum,0,1998
131845836,Indian,1998-08-10,Copepod,Aglaodiaptomus_leptpus,0.07037,1998
131845836,Indian,1998-08-10,Copepod,Cyclops_scutifer,0,1998
131845836,Indian,1998-08-10,Copepod,Epischura_lacustris,0,1998
131845836,Indian,1998-08-10,Copepod,Leptodiaptomus_minutus,8.32716,1998
131845836,Indian,1998-08-10,Copepod,Mesocyclops_edax,1.66543,1998
131845836,Indian,1998-08-10,Copepod,Tropocyclops_extensus,0,1998
131845836,Indian,2000-08-14,Cladoceran,Bosmina_longirostris,7.25212,2000
131845836,Indian,2000-08-14,Cladoceran,Daphnia_catawba,0,2000
131845836,Indian,2000-08-14,Cladoceran,Daphnia_pulex,0.3966,2000
131845836,Indian,2000-08-14,Cladoceran,Diaphanosoma_birgei,0,2000
131845836,Indian,2000-08-14,Cladoceran,Diaphanosoma_brachyurum,0,2000
131845836,Indian,2000-08-14,Cladoceran,Holopedium_giberum,0,2000
131845836,Indian,2000-08-14,Copepod,Aglaodiaptomus_leptpus,1.5864,2000
131845836,Indian,2000-08-14,Copepod,Cyclops_scutifer,0,2000
131845836,Indian,2000-08-14,Copepod,Epischura_lacustris,0,2000
131845836,Indian,2000-08-14,Copepod,Leptodiaptomus_minutus,4.47592,2000
131845836,Indian,2000-08-14,Copepod,Mesocyclops_edax,2.09632,2000
131845836,Indian,2000-08-14,Copepod,Tropocyclops_extensus,2.7762,2000
131845836,Indian,1999-08-16,Cladoceran,Bosmina_longirostris,23.07692,1999
131845836,Indian,1999-08-16,Cladoceran,Daphnia_catawba,0.32389,1999
131845836,Indian,1999-08-16,Cladoceran,Daphnia_pulex,0.32389,1999
131845836,Indian,1999-08-16,Cladoceran,Diaphanosoma_birgei,0,1999
131845836,Indian,1999-08-16,Cladoceran,Diaphanosoma_brachyurum,0,1999
131845836,Indian,1999-08-16,Cladoceran,Holopedium_giberum,0,1999
131845836,Indian,1999-08-16,Copepod,Aglaodiaptomus_leptpus,0.40486,1999
131845836,Indian,1999-08-16,Copepod,Cyclops_scutifer,0,1999
131845836,Indian,1999-08-16,Copepod,Epischura_lacustris,0,1999
131845836,Indian,1999-08-16,Copepod,Leptodiaptomus_minutus,21.78138,1999
131845836,Indian,1999-08-16,Copepod,Mesocyclops_edax,5.10121,1999
131845836,Indian,1999-08-16,Copepod,Tropocyclops_extensus,0,1999
131845836,Indian,1997-08-18,Cladoceran,Bosmina_longirostris,11.20583,1997
131845836,Indian,1997-08-18,Cladoceran,Daphnia_catawba,0,1997
131845836,Indian,1997-08-18,Cladoceran,Daphnia_pulex,3.11667,1997
131845836,Indian,1997-08-18,Cladoceran,Diaphanosoma_birgei,0,1997
131845836,Indian,1997-08-18,Cladoceran,Diaphanosoma_brachyurum,0.98458,1997
131845836,Indian,1997-08-18,Cladoceran,Holopedium_giberum,0,1997
131845836,Indian,1997-08-18,Copepod,Aglaodiaptomus_leptpus,1.955,1997
131845836,Indian,1997-08-18,Copepod,Cyclops_scutifer,0,1997
131845836,Indian,1997-08-18,Copepod,Epischura_lacustris,0,1997
131845836,Indian,1997-08-18,Copepod,Leptodiaptomus_minutus,14.08875,1997
131845836,Indian,1997-08-18,Copepod,Mesocyclops_edax,1.38833,1997
131845836,Indian,1997-08-18,Copepod,Tropocyclops_extensus,0,1997
131845836,Indian,1994-08-02,Cladoceran,Bosmina_longirostris,7.68491,1994
131845836,Indian,1994-08-02,Cladoceran,Daphnia_catawba,0,1994
131845836,Indian,1994-08-02,Cladoceran,Daphnia_pulex,0.1532,1994
131845836,Indian,1994-08-02,Cladoceran,Diaphanosoma_birgei,0,1994
131845836,Indian,1994-08-02,Cladoceran,Diaphanosoma_brachyurum,0.06769,1994
131845836,Indian,1994-08-02,Cladoceran,Holopedium_giberum,0,1994
131845836,Indian,1994-08-02,Copepod,Aglaodiaptomus_leptpus,0.63774,1994
131845836,Indian,1994-08-02,Copepod,Cyclops_scutifer,0,1994
131845836,Indian,1994-08-02,Copepod,Epischura_lacustris,0,1994
131845836,Indian,1994-08-02,Copepod,Leptodiaptomus_minutus,19.88742,1994
131845836,Indian,1994-08-02,Copepod,Mesocyclops_edax,0.90138,1994
131845836,Indian,1994-08-02,Copepod,Tropocyclops_extensus,1.35,1994
131845836,Indian,1996-08-20,Cladoceran,Bosmina_longirostris,8.54722,1996
131845836,Indian,1996-08-20,Cladoceran,Daphnia_catawba,0,1996
131845836,Indian,1996-08-20,Cladoceran,Daphnia_pulex,0.85,1996
131845836,Indian,1996-08-20,Cladoceran,Diaphanosoma_birgei,0,1996
131845836,Indian,1996-08-20,Cladoceran,Diaphanosoma_brachyurum,1.322,1996
131845836,Indian,1996-08-20,Cladoceran,Holopedium_giberum,0,1996
131845836,Indian,1996-08-20,Copepod,Aglaodiaptomus_leptpus,0.142,1996
131845836,Indian,1996-08-20,Copepod,Cyclops_scutifer,0,1996
131845836,Indian,1996-08-20,Copepod,Epischura_lacustris,0,1996
131845836,Indian,1996-08-20,Copepod,Leptodiaptomus_minutus,22.47778,1996
131845836,Indian,1996-08-20,Copepod,Mesocyclops_edax,4.675,1996
131845836,Indian,1996-08-20,Copepod,Tropocyclops_extensus,0,1996
131845836,Indian,2002-08-22,Cladoceran,Bosmina_longirostris,7.76667,2002
131845836,Indian,2002-08-22,Cladoceran,Daphnia_catawba,0.1,2002
131845836,Indian,2002-08-22,Cladoceran,Daphnia_pulex,0,2002
131845836,Indian,2002-08-22,Cladoceran,Diaphanosoma_birgei,0,2002
131845836,Indian,2002-08-22,Cladoceran,Diaphanosoma_brachyurum,0,2002
131845836,Indian,2002-08-22,Cladoceran,Holopedium_giberum,0.16667,2002
131845836,Indian,2002-08-22,Copepod,Aglaodiaptomus_leptpus,0.16667,2002
131845836,Indian,2002-08-22,Copepod,Cyclops_scutifer,0,2002
131845836,Indian,2002-08-22,Copepod,Epischura_lacustris,0,2002
131845836,Indian,2002-08-22,Copepod,Leptodiaptomus_minutus,9.56667,2002
131845836,Indian,2002-08-22,Copepod,Mesocyclops_edax,1.53333,2002
131845836,Indian,2002-08-22,Copepod,Tropocyclops_extensus,0.3,2002
131845836,Indian,2004-08-03,Cladoceran,Bosmina_longirostris,7.95,2004
131845836,Indian,2004-08-03,Cladoceran,Daphnia_catawba,1.65,2004
131845836,Indian,2004-08-03,Cladoceran,Daphnia_pulex,0,2004
131845836,Indian,2004-08-03,Cladoceran,Diaphanosoma_birgei,0,2004
131845836,Indian,2004-08-03,Cladoceran,Diaphanosoma_brachyurum,0,2004
131845836,Indian,2004-08-03,Cladoceran,Holopedium_giberum,0,2004
131845836,Indian,2004-08-03,Copepod,Aglaodiaptomus_leptpus,0.4,2004
131845836,Indian,2004-08-03,Copepod,Cyclops_scutifer,0,2004
131845836,Indian,2004-08-03,Copepod,Epischura_lacustris,0,2004
131845836,Indian,2004-08-03,Copepod,Leptodiaptomus_minutus,16.35,2004
131845836,Indian,2004-08-03,Copepod,Mesocyclops_edax,2.5,2004
131845836,Indian,2004-08-03,Copepod,Tropocyclops_extensus,0,2004
131845836,Indian,1994-08-31,Cladoceran,Bosmina_longirostris,27.82879,1994
131845836,Indian,1994-08-31,Cladoceran,Daphnia_catawba,0,1994
131845836,Indian,1994-08-31,Cladoceran,Daphnia_pulex,0.45914,1994
131845836,Indian,1994-08-31,Cladoceran,Diaphanosoma_birgei,0,1994
131845836,Indian,1994-08-31,Cladoceran,Diaphanosoma_brachyurum,0,1994
131845836,Indian,1994-08-31,Cladoceran,Holopedium_giberum,0,1994
131845836,Indian,1994-08-31,Copepod,Aglaodiaptomus_leptpus,0.96929,1994
131845836,Indian,1994-08-31,Copepod,Cyclops_scutifer,0,1994
131845836,Indian,1994-08-31,Copepod,Epischura_lacustris,0,1994
131845836,Indian,1994-08-31,Copepod,Leptodiaptomus_minutus,16.86052,1994
131845836,Indian,1994-08-31,Copepod,Mesocyclops_edax,1.09683,1994
131845836,Indian,1994-08-31,Copepod,Tropocyclops_extensus,0,1994
131845836,Indian,2003-08-06,Cladoceran,Bosmina_longirostris,8.29082,2003
131845836,Indian,2003-08-06,Cladoceran,Daphnia_catawba,0,2003
131845836,Indian,2003-08-06,Cladoceran,Daphnia_pulex,0.17007,2003
131845836,Indian,2003-08-06,Cladoceran,Diaphanosoma_birgei,0,2003
131845836,Indian,2003-08-06,Cladoceran,Diaphanosoma_brachyurum,0,2003
131845836,Indian,2003-08-06,Cladoceran,Holopedium_giberum,0,2003
131845836,Indian,2003-08-06,Copepod,Aglaodiaptomus_leptpus,0.17007,2003
131845836,Indian,2003-08-06,Copepod,Cyclops_scutifer,0,2003
131845836,Indian,2003-08-06,Copepod,Epischura_lacustris,0,2003
131845836,Indian,2003-08-06,Copepod,Leptodiaptomus_minutus,29.76192,2003
131845836,Indian,2003-08-06,Copepod,Mesocyclops_edax,3.78401,2003
131845836,Indian,2003-08-06,Copepod,Tropocyclops_extensus,0,2003
131845836,Indian,1995-08-08,Cladoceran,Bosmina_longirostris,30.5775,1995
131845836,Indian,1995-08-08,Cladoceran,Daphnia_catawba,0,1995
131845836,Indian,1995-08-08,Cladoceran,Daphnia_pulex,0.3375,1995
131845836,Indian,1995-08-08,Cladoceran,Diaphanosoma_birgei,0,1995
131845836,Indian,1995-08-08,Cladoceran,Diaphanosoma_brachyurum,0,1995
131845836,Indian,1995-08-08,Cladoceran,Holopedium_giberum,0,1995
131845836,Indian,1995-08-08,Copepod,Aglaodiaptomus_leptpus,4.455,1995
131845836,Indian,1995-08-08,Copepod,Cyclops_scutifer,0,1995
131845836,Indian,1995-08-08,Copepod,Epischura_lacustris,0,1995
131845836,Indian,1995-08-08,Copepod,Leptodiaptomus_minutus,34.2225,1995
131845836,Indian,1995-08-08,Copepod,Mesocyclops_edax,3.51,1995
131845836,Indian,1995-08-08,Copepod,Tropocyclops_extensus,0,1995
131845836,Indian,2005-08-08,Cladoceran,Bosmina_longirostris,6.975,2005
131845836,Indian,2005-08-08,Cladoceran,Daphnia_catawba,0,2005
131845836,Indian,2005-08-08,Cladoceran,Daphnia_pulex,0.125,2005
131845836,Indian,2005-08-08,Cladoceran,Diaphanosoma_birgei,0,2005
131845836,Indian,2005-08-08,Cladoceran,Diaphanosoma_brachyurum,0,2005
131845836,Indian,2005-08-08,Cladoceran,Holopedium_giberum,0,2005
131845836,Indian,2005-08-08,Copepod,Aglaodiaptomus_leptpus,0.075,2005
131845836,Indian,2005-08-08,Copepod,Cyclops_scutifer,0,2005
131845836,Indian,2005-08-08,Copepod,Epischura_lacustris,0,2005
131845836,Indian,2005-08-08,Copepod,Leptodiaptomus_minutus,7.25,2005
131845836,Indian,2005-08-08,Copepod,Mesocyclops_edax,2.175,2005
131845836,Indian,2005-08-08,Copepod,Tropocyclops_extensus,0,2005
131845836,Indian,2006-08-08,Cladoceran,Bosmina_longirostris,9.45,2006
131845836,Indian,2006-08-08,Cladoceran,Daphnia_catawba,0,2006
131845836,Indian,2006-08-08,Cladoceran,Daphnia_pulex,1.325,2006
131845836,Indian,2006-08-08,Cladoceran,Diaphanosoma_birgei,0,2006
131845836,Indian,2006-08-08,Cladoceran,Diaphanosoma_brachyurum,0,2006
131845836,Indian,2006-08-08,Cladoceran,Holopedium_giberum,0,2006
131845836,Indian,2006-08-08,Copepod,Aglaodiaptomus_leptpus,0.275,2006
131845836,Indian,2006-08-08,Copepod,Cyclops_scutifer,0,2006
131845836,Indian,2006-08-08,Copepod,Epischura_lacustris,0,2006
131845836,Indian,2006-08-08,Copepod,Leptodiaptomus_minutus,6.025,2006
131845836,Indian,2006-08-08,Copepod,Mesocyclops_edax,3.075,2006
131845836,Indian,2006-08-08,Copepod,Tropocyclops_extensus,0,2006
131845836,Indian,1995-09-14,Cladoceran,Bosmina_longirostris,33.10232,1995
131845836,Indian,1995-09-14,Cladoceran,Daphnia_catawba,0,1995
131845836,Indian,1995-09-14,Cladoceran,Daphnia_pulex,0.55948,1995
131845836,Indian,1995-09-14,Cladoceran,Diaphanosoma_birgei,0,1995
131845836,Indian,1995-09-14,Cladoceran,Diaphanosoma_brachyurum,0,1995
131845836,Indian,1995-09-14,Cladoceran,Holopedium_giberum,0,1995
131845836,Indian,1995-09-14,Copepod,Aglaodiaptomus_leptpus,0.186,1995
131845836,Indian,1995-09-14,Copepod,Cyclops_scutifer,0,1995
131845836,Indian,1995-09-14,Copepod,Epischura_lacustris,0,1995
131845836,Indian,1995-09-14,Copepod,Leptodiaptomus_minutus,28.813,1995
131845836,Indian,1995-09-14,Copepod,Mesocyclops_edax,4.75554,1995
131845836,Indian,1995-09-14,Copepod,Tropocyclops_extensus,0,1995
131845836,Indian,2002-09-19,Cladoceran,Bosmina_longirostris,10.5,2002
131845836,Indian,2002-09-19,Cladoceran,Daphnia_catawba,0,2002
131845836,Indian,2002-09-19,Cladoceran,Daphnia_pulex,0.325,2002
131845836,Indian,2002-09-19,Cladoceran,Diaphanosoma_birgei,0,2002
131845836,Indian,2002-09-19,Cladoceran,Diaphanosoma_brachyurum,0,2002
131845836,Indian,2002-09-19,Cladoceran,Holopedium_giberum,0,2002
131845836,Indian,2002-09-19,Copepod,Aglaodiaptomus_leptpus,0.25,2002
131845836,Indian,2002-09-19,Copepod,Cyclops_scutifer,0,2002
131845836,Indian,2002-09-19,Copepod,Epischura_lacustris,0,2002
131845836,Indian,2002-09-19,Copepod,Leptodiaptomus_minutus,11.325,2002
131845836,Indian,2002-09-19,Copepod,Mesocyclops_edax,3.475,2002
131845836,Indian,2002-09-19,Copepod,Tropocyclops_extensus,0.075,2002
131845836,Indian,2001-09-05,Cladoceran,Bosmina_longirostris,2.83776,2001
131845836,Indian,2001-09-05,Cladoceran,Daphnia_catawba,0,2001
131845836,Indian,2001-09-05,Cladoceran,Daphnia_pulex,1.07313,2001
131845836,Indian,2001-09-05,Cladoceran,Diaphanosoma_birgei,0,2001
131845836,Indian,2001-09-05,Cladoceran,Diaphanosoma_brachyurum,0,2001
131845836,Indian,2001-09-05,Cladoceran,Holopedium_giberum,0,2001
131845836,Indian,2001-09-05,Copepod,Aglaodiaptomus_leptpus,1.16875,2001
131845836,Indian,2001-09-05,Copepod,Cyclops_scutifer,0,2001
131845836,Indian,2001-09-05,Copepod,Epischura_lacustris,0,2001
131845836,Indian,2001-09-05,Copepod,Leptodiaptomus_minutus,13.50083,2001
131845836,Indian,2001-09-05,Copepod,Mesocyclops_edax,2.3924,2001
131845836,Indian,2001-09-05,Copepod,Tropocyclops_extensus,0,2001
131846593,South,1996-06-17,Cladoceran,Bosmina_longirostris,7.96875,1996
131846593,South,1996-06-17,Cladoceran,Daphnia_catawba,0.03125,1996
131846593,South,1996-06-17,Cladoceran,Daphnia_pulex,0,1996
131846593,South,1996-06-17,Cladoceran,Diaphanosoma_birgei,0,1996
131846593,South,1996-06-17,Cladoceran,Diaphanosoma_brachyurum,0,1996
131846593,South,1996-06-17,Cladoceran,Holopedium_giberum,0.0625,1996
131846593,South,1996-06-17,Copepod,Aglaodiaptomus_leptpus,0,1996
131846593,South,1996-06-17,Copepod,Cyclops_scutifer,0,1996
131846593,South,1996-06-17,Copepod,Epischura_lacustris,0,1996
131846593,South,1996-06-17,Copepod,Leptodiaptomus_minutus,36.5625,1996
131846593,South,1996-06-17,Copepod,Mesocyclops_edax,0.90675,1996
131846593,South,1996-06-17,Copepod,Tropocyclops_extensus,0,1996
131846593,South,1995-06-19,Cladoceran,Bosmina_longirostris,1.12964,1995
131846593,South,1995-06-19,Cladoceran,Daphnia_catawba,0.10508,1995
131846593,South,1995-06-19,Cladoceran,Daphnia_pulex,0,1995
131846593,South,1995-06-19,Cladoceran,Diaphanosoma_birgei,0,1995
131846593,South,1995-06-19,Cladoceran,Diaphanosoma_brachyurum,0,1995
131846593,South,1995-06-19,Cladoceran,Holopedium_giberum,0.02627,1995
131846593,South,1995-06-19,Copepod,Aglaodiaptomus_leptpus,0,1995
131846593,South,1995-06-19,Copepod,Cyclops_scutifer,0,1995
131846593,South,1995-06-19,Copepod,Epischura_lacustris,0,1995
131846593,South,1995-06-19,Copepod,Leptodiaptomus_minutus,22.35643,1995
131846593,South,1995-06-19,Copepod,Mesocyclops_edax,0.52542,1995
131846593,South,1995-06-19,Copepod,Tropocyclops_extensus,0,1995
131846593,South,1999-06-29,Cladoceran,Bosmina_longirostris,7.2899,1999
131846593,South,1999-06-29,Cladoceran,Daphnia_catawba,0.2644,1999
131846593,South,1999-06-29,Cladoceran,Daphnia_pulex,0,1999
131846593,South,1999-06-29,Cladoceran,Diaphanosoma_birgei,0,1999
131846593,South,1999-06-29,Cladoceran,Diaphanosoma_brachyurum,0,1999
131846593,South,1999-06-29,Cladoceran,Holopedium_giberum,0,1999
131846593,South,1999-06-29,Copepod,Aglaodiaptomus_leptpus,0,1999
131846593,South,1999-06-29,Copepod,Cyclops_scutifer,0,1999
131846593,South,1999-06-29,Copepod,Epischura_lacustris,0,1999
131846593,South,1999-06-29,Copepod,Leptodiaptomus_minutus,22.20963,1999
131846593,South,1999-06-29,Copepod,Mesocyclops_edax,4.11709,1999
131846593,South,1999-06-29,Copepod,Tropocyclops_extensus,0,1999
131846593,South,1994-06-30,Cladoceran,Bosmina_longirostris,3.619,1994
131846593,South,1994-06-30,Cladoceran,Daphnia_catawba,0.269,1994
131846593,South,1994-06-30,Cladoceran,Daphnia_pulex,0,1994
131846593,South,1994-06-30,Cladoceran,Diaphanosoma_birgei,0,1994
131846593,South,1994-06-30,Cladoceran,Diaphanosoma_brachyurum,0,1994
131846593,South,1994-06-30,Cladoceran,Holopedium_giberum,0,1994
131846593,South,1994-06-30,Copepod,Aglaodiaptomus_leptpus,0,1994
131846593,South,1994-06-30,Copepod,Cyclops_scutifer,0,1994
131846593,South,1994-06-30,Copepod,Epischura_lacustris,0,1994
131846593,South,1994-06-30,Copepod,Leptodiaptomus_minutus,21.789,1994
131846593,South,1994-06-30,Copepod,Mesocyclops_edax,1.663,1994
131846593,South,1994-06-30,Copepod,Tropocyclops_extensus,0,1994
131846593,South,1998-07-13,Cladoceran,Bosmina_longirostris,1.42666,1998
131846593,South,1998-07-13,Cladoceran,Daphnia_catawba,1.49093,1998
131846593,South,1998-07-13,Cladoceran,Daphnia_pulex,0,1998
131846593,South,1998-07-13,Cladoceran,Diaphanosoma_birgei,0,1998
131846593,South,1998-07-13,Cladoceran,Diaphanosoma_brachyurum,0.05141,1998
131846593,South,1998-07-13,Cladoceran,Holopedium_giberum,0,1998
131846593,South,1998-07-13,Copepod,Aglaodiaptomus_leptpus,0,1998
131846593,South,1998-07-13,Copepod,Cyclops_scutifer,0,1998
131846593,South,1998-07-13,Copepod,Epischura_lacustris,0,1998
131846593,South,1998-07-13,Copepod,Leptodiaptomus_minutus,5.64239,1998
131846593,South,1998-07-13,Copepod,Mesocyclops_edax,0.44985,1998
131846593,South,1998-07-13,Copepod,Tropocyclops_extensus,0,1998
131846593,South,1997-07-14,Cladoceran,Bosmina_longirostris,10.58393,1997
131846593,South,1997-07-14,Cladoceran,Daphnia_catawba,0.19863,1997
131846593,South,1997-07-14,Cladoceran,Daphnia_pulex,0,1997
131846593,South,1997-07-14,Cladoceran,Diaphanosoma_birgei,0,1997
131846593,South,1997-07-14,Cladoceran,Diaphanosoma_brachyurum,0.02838,1997
131846593,South,1997-07-14,Cladoceran,Holopedium_giberum,0.02838,1997
131846593,South,1997-07-14,Copepod,Aglaodiaptomus_leptpus,0,1997
131846593,South,1997-07-14,Copepod,Cyclops_scutifer,0,1997
131846593,South,1997-07-14,Copepod,Epischura_lacustris,0,1997
131846593,South,1997-07-14,Copepod,Leptodiaptomus_minutus,8.31392,1997
131846593,South,1997-07-14,Copepod,Mesocyclops_edax,0.908,1997
131846593,South,1997-07-14,Copepod,Tropocyclops_extensus,0,1997
131846593,South,1996-07-15,Cladoceran,Bosmina_longirostris,12.22278,1996
131846593,South,1996-07-15,Cladoceran,Daphnia_catawba,0.049,1996
131846593,South,1996-07-15,Cladoceran,Daphnia_pulex,0,1996
131846593,South,1996-07-15,Cladoceran,Diaphanosoma_birgei,0,1996
131846593,South,1996-07-15,Cladoceran,Diaphanosoma_brachyurum,0,1996
131846593,South,1996-07-15,Cladoceran,Holopedium_giberum,0.056,1996
131846593,South,1996-07-15,Copepod,Aglaodiaptomus_leptpus,0,1996
131846593,South,1996-07-15,Copepod,Cyclops_scutifer,0,1996
131846593,South,1996-07-15,Copepod,Epischura_lacustris,0,1996
131846593,South,1996-07-15,Copepod,Leptodiaptomus_minutus,25.48163,1996
131846593,South,1996-07-15,Copepod,Mesocyclops_edax,2.184,1996
131846593,South,1996-07-15,Copepod,Tropocyclops_extensus,0,1996
131846593,South,2003-07-15,Cladoceran,Bosmina_longirostris,16.17841,2003
131846593,South,2003-07-15,Cladoceran,Daphnia_catawba,1.90024,2003
131846593,South,2003-07-15,Cladoceran,Daphnia_pulex,0,2003
131846593,South,2003-07-15,Cladoceran,Diaphanosoma_birgei,0,2003
131846593,South,2003-07-15,Cladoceran,Diaphanosoma_brachyurum,0,2003
131846593,South,2003-07-15,Cladoceran,Holopedium_giberum,0,2003
131846593,South,2003-07-15,Copepod,Aglaodiaptomus_leptpus,0,2003
131846593,South,2003-07-15,Copepod,Cyclops_scutifer,0,2003
131846593,South,2003-07-15,Copepod,Epischura_lacustris,0,2003
131846593,South,2003-07-15,Copepod,Leptodiaptomus_minutus,2.45447,2003
131846593,South,2003-07-15,Copepod,Mesocyclops_edax,3.64212,2003
131846593,South,2003-07-15,Copepod,Tropocyclops_extensus,0,2003
131846593,South,2001-07-17,Cladoceran,Bosmina_longirostris,10.62643,2001
131846593,South,2001-07-17,Cladoceran,Daphnia_catawba,0.9,2001
131846593,South,2001-07-17,Cladoceran,Daphnia_pulex,0,2001
131846593,South,2001-07-17,Cladoceran,Diaphanosoma_birgei,0,2001
131846593,South,2001-07-17,Cladoceran,Diaphanosoma_brachyurum,0.09,2001
131846593,South,2001-07-17,Cladoceran,Holopedium_giberum,0.10286,2001
131846593,South,2001-07-17,Copepod,Aglaodiaptomus_leptpus,0,2001
131846593,South,2001-07-17,Copepod,Cyclops_scutifer,0,2001
131846593,South,2001-07-17,Copepod,Epischura_lacustris,0,2001
131846593,South,2001-07-17,Copepod,Leptodiaptomus_minutus,5.6636,2001
131846593,South,2001-07-17,Copepod,Mesocyclops_edax,4.05643,2001
131846593,South,2001-07-17,Copepod,Tropocyclops_extensus,0,2001
131846593,South,2000-07-18,Cladoceran,Bosmina_longirostris,55.60459,2000
131846593,South,2000-07-18,Cladoceran,Daphnia_catawba,1.16505,2000
131846593,South,2000-07-18,Cladoceran,Daphnia_pulex,0,2000
131846593,South,2000-07-18,Cladoceran,Diaphanosoma_birgei,0,2000
131846593,South,2000-07-18,Cladoceran,Diaphanosoma_brachyurum,0,2000
131846593,South,2000-07-18,Cladoceran,Holopedium_giberum,0,2000
131846593,South,2000-07-18,Copepod,Aglaodiaptomus_leptpus,0,2000
131846593,South,2000-07-18,Copepod,Cyclops_scutifer,0,2000
131846593,South,2000-07-18,Copepod,Epischura_lacustris,0,2000
131846593,South,2000-07-18,Copepod,Leptodiaptomus_minutus,19.80583,2000
131846593,South,2000-07-18,Copepod,Mesocyclops_edax,4.343,2000
131846593,South,2000-07-18,Copepod,Tropocyclops_extensus,0,2000
131846593,South,2006-07-18,Cladoceran,Bosmina_longirostris,14.21389,2006
131846593,South,2006-07-18,Cladoceran,Daphnia_catawba,0.21389,2006
131846593,South,2006-07-18,Cladoceran,Daphnia_pulex,0,2006
131846593,South,2006-07-18,Cladoceran,Diaphanosoma_birgei,0,2006
131846593,South,2006-07-18,Cladoceran,Diaphanosoma_brachyurum,0,2006
131846593,South,2006-07-18,Cladoceran,Holopedium_giberum,0,2006
131846593,South,2006-07-18,Copepod,Aglaodiaptomus_leptpus,0,2006
131846593,South,2006-07-18,Copepod,Cyclops_scutifer,0,2006
131846593,South,2006-07-18,Copepod,Epischura_lacustris,0,2006
131846593,South,2006-07-18,Copepod,Leptodiaptomus_minutus,12.54167,2006
131846593,South,2006-07-18,Copepod,Mesocyclops_edax,1.3222,2006
131846593,South,2006-07-18,Copepod,Tropocyclops_extensus,0.1361,2006
131846593,South,2005-07-19,Cladoceran,Bosmina_longirostris,10.18889,2005
131846593,South,2005-07-19,Cladoceran,Daphnia_catawba,0.29167,2005
131846593,South,2005-07-19,Cladoceran,Daphnia_pulex,0,2005
131846593,South,2005-07-19,Cladoceran,Diaphanosoma_birgei,0,2005
131846593,South,2005-07-19,Cladoceran,Diaphanosoma_brachyurum,0,2005
131846593,South,2005-07-19,Cladoceran,Holopedium_giberum,0,2005
131846593,South,2005-07-19,Copepod,Aglaodiaptomus_leptpus,0,2005
131846593,South,2005-07-19,Copepod,Cyclops_scutifer,0,2005
131846593,South,2005-07-19,Copepod,Epischura_lacustris,0,2005
131846593,South,2005-07-19,Copepod,Leptodiaptomus_minutus,8.49722,2005
131846593,South,2005-07-19,Copepod,Mesocyclops_edax,1.14722,2005
131846593,South,2005-07-19,Copepod,Tropocyclops_extensus,0,2005
131846593,South,1994-07-27,Cladoceran,Bosmina_longirostris,3.09643,1994
131846593,South,1994-07-27,Cladoceran,Daphnia_catawba,3.01635,1994
131846593,South,1994-07-27,Cladoceran,Daphnia_pulex,0,1994
131846593,South,1994-07-27,Cladoceran,Diaphanosoma_birgei,0,1994
131846593,South,1994-07-27,Cladoceran,Diaphanosoma_brachyurum,0,1994
131846593,South,1994-07-27,Cladoceran,Holopedium_giberum,0,1994
131846593,South,1994-07-27,Copepod,Aglaodiaptomus_leptpus,0,1994
131846593,South,1994-07-27,Copepod,Cyclops_scutifer,0,1994
131846593,South,1994-07-27,Copepod,Epischura_lacustris,0,1994
131846593,South,1994-07-27,Copepod,Leptodiaptomus_minutus,25.19853,1994
131846593,South,1994-07-27,Copepod,Mesocyclops_edax,1.36136,1994
131846593,South,1994-07-27,Copepod,Tropocyclops_extensus,0,1994
131846593,South,2004-07-06,Cladoceran,Bosmina_longirostris,14.22222,2004
131846593,South,2004-07-06,Cladoceran,Daphnia_catawba,0.27778,2004
131846593,South,2004-07-06,Cladoceran,Daphnia_pulex,0,2004
131846593,South,2004-07-06,Cladoceran,Diaphanosoma_birgei,0,2004
131846593,South,2004-07-06,Cladoceran,Diaphanosoma_brachyurum,0,2004
131846593,South,2004-07-06,Cladoceran,Holopedium_giberum,0,2004
131846593,South,2004-07-06,Copepod,Aglaodiaptomus_leptpus,0,2004
131846593,South,2004-07-06,Copepod,Cyclops_scutifer,0,2004
131846593,South,2004-07-06,Copepod,Epischura_lacustris,0,2004
131846593,South,2004-07-06,Copepod,Leptodiaptomus_minutus,23.94444,2004
131846593,South,2004-07-06,Copepod,Mesocyclops_edax,14.94444,2004
131846593,South,2004-07-06,Copepod,Tropocyclops_extensus,0,2004
131846593,South,2004-08-11,Cladoceran,Bosmina_longirostris,1.33704,2004
131846593,South,2004-08-11,Cladoceran,Daphnia_catawba,0.98519,2004
131846593,South,2004-08-11,Cladoceran,Daphnia_pulex,0,2004
131846593,South,2004-08-11,Cladoceran,Diaphanosoma_birgei,0,2004
131846593,South,2004-08-11,Cladoceran,Diaphanosoma_brachyurum,0,2004
131846593,South,2004-08-11,Cladoceran,Holopedium_giberum,0.07037,2004
131846593,South,2004-08-11,Copepod,Aglaodiaptomus_leptpus,0,2004
131846593,South,2004-08-11,Copepod,Cyclops_scutifer,0,2004
131846593,South,2004-08-11,Copepod,Epischura_lacustris,0,2004
131846593,South,2004-08-11,Copepod,Leptodiaptomus_minutus,7.70556,2004
131846593,South,2004-08-11,Copepod,Mesocyclops_edax,7.63519,2004
131846593,South,2004-08-11,Copepod,Tropocyclops_extensus,0,2004
131846593,South,2003-08-12,Cladoceran,Bosmina_longirostris,4.78439,2003
131846593,South,2003-08-12,Cladoceran,Daphnia_catawba,1.63676,2003
131846593,South,2003-08-12,Cladoceran,Daphnia_pulex,0,2003
131846593,South,2003-08-12,Cladoceran,Diaphanosoma_birgei,0,2003
131846593,South,2003-08-12,Cladoceran,Diaphanosoma_brachyurum,0,2003
131846593,South,2003-08-12,Cladoceran,Holopedium_giberum,0,2003
131846593,South,2003-08-12,Copepod,Aglaodiaptomus_leptpus,0,2003
131846593,South,2003-08-12,Copepod,Cyclops_scutifer,0,2003
131846593,South,2003-08-12,Copepod,Epischura_lacustris,0,2003
131846593,South,2003-08-12,Copepod,Leptodiaptomus_minutus,4.40667,2003
131846593,South,2003-08-12,Copepod,Mesocyclops_edax,6.3582,2003
131846593,South,2003-08-12,Copepod,Tropocyclops_extensus,0,2003
131846593,South,2002-08-13,Cladoceran,Bosmina_longirostris,6.91077,2002
131846593,South,2002-08-13,Cladoceran,Daphnia_catawba,0.77595,2002
131846593,South,2002-08-13,Cladoceran,Daphnia_pulex,0,2002
131846593,South,2002-08-13,Cladoceran,Diaphanosoma_birgei,0,2002
131846593,South,2002-08-13,Cladoceran,Diaphanosoma_brachyurum,0,2002
131846593,South,2002-08-13,Cladoceran,Holopedium_giberum,0.0485,2002
131846593,South,2002-08-13,Copepod,Aglaodiaptomus_leptpus,0,2002
131846593,South,2002-08-13,Copepod,Cyclops_scutifer,0,2002
131846593,South,2002-08-13,Copepod,Epischura_lacustris,0,2002
131846593,South,2002-08-13,Copepod,Leptodiaptomus_minutus,3.5645,2002
131846593,South,2002-08-13,Copepod,Mesocyclops_edax,1.3579,2002
131846593,South,2002-08-13,Copepod,Tropocyclops_extensus,0.21823,2002
131846593,South,2006-08-15,Cladoceran,Bosmina_longirostris,1.30185,2006
131846593,South,2006-08-15,Cladoceran,Daphnia_catawba,0.09383,2006
131846593,South,2006-08-15,Cladoceran,Daphnia_pulex,0,2006
131846593,South,2006-08-15,Cladoceran,Diaphanosoma_birgei,0,2006
131846593,South,2006-08-15,Cladoceran,Diaphanosoma_brachyurum,0.01173,2006
131846593,South,2006-08-15,Cladoceran,Holopedium_giberum,0,2006
131846593,South,2006-08-15,Copepod,Aglaodiaptomus_leptpus,0,2006
131846593,South,2006-08-15,Copepod,Cyclops_scutifer,0,2006
131846593,South,2006-08-15,Copepod,Epischura_lacustris,0,2006
131846593,South,2006-08-15,Copepod,Leptodiaptomus_minutus,7.3537,2006
131846593,South,2006-08-15,Copepod,Mesocyclops_edax,1.30185,2006
131846593,South,2006-08-15,Copepod,Tropocyclops_extensus,0.10556,2006
131846593,South,2005-08-16,Cladoceran,Bosmina_longirostris,2.25185,2005
131846593,South,2005-08-16,Cladoceran,Daphnia_catawba,1.52593,2005
131846593,South,2005-08-16,Cladoceran,Daphnia_pulex,0,2005
131846593,South,2005-08-16,Cladoceran,Diaphanosoma_birgei,0,2005
131846593,South,2005-08-16,Cladoceran,Diaphanosoma_brachyurum,0,2005
131846593,South,2005-08-16,Cladoceran,Holopedium_giberum,0,2005
131846593,South,2005-08-16,Copepod,Aglaodiaptomus_leptpus,0,2005
131846593,South,2005-08-16,Copepod,Cyclops_scutifer,0,2005
131846593,South,2005-08-16,Copepod,Epischura_lacustris,0,2005
131846593,South,2005-08-16,Copepod,Leptodiaptomus_minutus,7.73333,2005
131846593,South,2005-08-16,Copepod,Mesocyclops_edax,1.79259,2005
131846593,South,2005-08-16,Copepod,Tropocyclops_extensus,0,2005
131846593,South,1998-08-17,Cladoceran,Bosmina_longirostris,0.6,1998
131846593,South,1998-08-17,Cladoceran,Daphnia_catawba,2.625,1998
131846593,South,1998-08-17,Cladoceran,Daphnia_pulex,0,1998
131846593,South,1998-08-17,Cladoceran,Diaphanosoma_birgei,0,1998
131846593,South,1998-08-17,Cladoceran,Diaphanosoma_brachyurum,0,1998
131846593,South,1998-08-17,Cladoceran,Holopedium_giberum,0.025,1998
131846593,South,1998-08-17,Copepod,Aglaodiaptomus_leptpus,0,1998
131846593,South,1998-08-17,Copepod,Cyclops_scutifer,0,1998
131846593,South,1998-08-17,Copepod,Epischura_lacustris,0,1998
131846593,South,1998-08-17,Copepod,Leptodiaptomus_minutus,14.45,1998
131846593,South,1998-08-17,Copepod,Mesocyclops_edax,1.15,1998
131846593,South,1998-08-17,Copepod,Tropocyclops_extensus,0,1998
131846593,South,1997-08-18,Cladoceran,Bosmina_longirostris,2.69564,1997
131846593,South,1997-08-18,Cladoceran,Daphnia_catawba,1.17047,1997
131846593,South,1997-08-18,Cladoceran,Daphnia_pulex,0,1997
131846593,South,1997-08-18,Cladoceran,Diaphanosoma_birgei,0,1997
131846593,South,1997-08-18,Cladoceran,Diaphanosoma_brachyurum,0,1997
131846593,South,1997-08-18,Cladoceran,Holopedium_giberum,0,1997
131846593,South,1997-08-18,Copepod,Aglaodiaptomus_leptpus,0,1997
131846593,South,1997-08-18,Copepod,Cyclops_scutifer,0,1997
131846593,South,1997-08-18,Copepod,Epischura_lacustris,0,1997
131846593,South,1997-08-18,Copepod,Leptodiaptomus_minutus,16.56399,1997
131846593,South,1997-08-18,Copepod,Mesocyclops_edax,3.12127,1997
131846593,South,1997-08-18,Copepod,Tropocyclops_extensus,0,1997
131846593,South,1996-08-19,Cladoceran,Bosmina_longirostris,7.89315,1996
131846593,South,1996-08-19,Cladoceran,Daphnia_catawba,0.09073,1996
131846593,South,1996-08-19,Cladoceran,Daphnia_pulex,0,1996
131846593,South,1996-08-19,Cladoceran,Diaphanosoma_birgei,0,1996
131846593,South,1996-08-19,Cladoceran,Diaphanosoma_brachyurum,0,1996
131846593,South,1996-08-19,Cladoceran,Holopedium_giberum,0,1996
131846593,South,1996-08-19,Copepod,Aglaodiaptomus_leptpus,0,1996
131846593,South,1996-08-19,Copepod,Cyclops_scutifer,0,1996
131846593,South,1996-08-19,Copepod,Epischura_lacustris,0,1996
131846593,South,1996-08-19,Copepod,Leptodiaptomus_minutus,14.69758,1996
131846593,South,1996-08-19,Copepod,Mesocyclops_edax,1.78427,1996
131846593,South,1996-08-19,Copepod,Tropocyclops_extensus,0,1996
131846593,South,2000-08-21,Cladoceran,Bosmina_longirostris,3.36,2000
131846593,South,2000-08-21,Cladoceran,Daphnia_catawba,2.18,2000
131846593,South,2000-08-21,Cladoceran,Daphnia_pulex,0,2000
131846593,South,2000-08-21,Cladoceran,Diaphanosoma_birgei,0,2000
131846593,South,2000-08-21,Cladoceran,Diaphanosoma_brachyurum,0.24,2000
131846593,South,2000-08-21,Cladoceran,Holopedium_giberum,0,2000
131846593,South,2000-08-21,Copepod,Aglaodiaptomus_leptpus,0,2000
131846593,South,2000-08-21,Copepod,Cyclops_scutifer,1.5,2000
131846593,South,2000-08-21,Copepod,Epischura_lacustris,0,2000
131846593,South,2000-08-21,Copepod,Leptodiaptomus_minutus,13.7,2000
131846593,South,2000-08-21,Copepod,Mesocyclops_edax,4.41,2000
131846593,South,2000-08-21,Copepod,Tropocyclops_extensus,0,2000
131846593,South,1999-08-23,Cladoceran,Bosmina_longirostris,4.97778,1999
131846593,South,1999-08-23,Cladoceran,Daphnia_catawba,0.62222,1999
131846593,South,1999-08-23,Cladoceran,Daphnia_pulex,0,1999
131846593,South,1999-08-23,Cladoceran,Diaphanosoma_birgei,0,1999
131846593,South,1999-08-23,Cladoceran,Diaphanosoma_brachyurum,0,1999
131846593,South,1999-08-23,Cladoceran,Holopedium_giberum,0,1999
131846593,South,1999-08-23,Copepod,Aglaodiaptomus_leptpus,0,1999
131846593,South,1999-08-23,Copepod,Cyclops_scutifer,0,1999
131846593,South,1999-08-23,Copepod,Epischura_lacustris,0,1999
131846593,South,1999-08-23,Copepod,Leptodiaptomus_minutus,32.08889,1999
131846593,South,1999-08-23,Copepod,Mesocyclops_edax,7.11111,1999
131846593,South,1999-08-23,Copepod,Tropocyclops_extensus,0,1999
131846593,South,1994-08-31,Cladoceran,Bosmina_longirostris,5.31912,1994
131846593,South,1994-08-31,Cladoceran,Daphnia_catawba,0.11832,1994
131846593,South,1994-08-31,Cladoceran,Daphnia_pulex,0,1994
131846593,South,1994-08-31,Cladoceran,Diaphanosoma_birgei,0,1994
131846593,South,1994-08-31,Cladoceran,Diaphanosoma_brachyurum,0,1994
131846593,South,1994-08-31,Cladoceran,Holopedium_giberum,0,1994
131846593,South,1994-08-31,Copepod,Aglaodiaptomus_leptpus,0,1994
131846593,South,1994-08-31,Copepod,Cyclops_scutifer,0,1994
131846593,South,1994-08-31,Copepod,Epischura_lacustris,0,1994
131846593,South,1994-08-31,Copepod,Leptodiaptomus_minutus,23.56975,1994
131846593,South,1994-08-31,Copepod,Mesocyclops_edax,1.14491,1994
131846593,South,1994-08-31,Copepod,Tropocyclops_extensus,0,1994
131846593,South,2001-08-07,Cladoceran,Bosmina_longirostris,2.845,2001
131846593,South,2001-08-07,Cladoceran,Daphnia_catawba,2.94,2001
131846593,South,2001-08-07,Cladoceran,Daphnia_pulex,0,2001
131846593,South,2001-08-07,Cladoceran,Diaphanosoma_birgei,0,2001
131846593,South,2001-08-07,Cladoceran,Diaphanosoma_brachyurum,0,2001
131846593,South,2001-08-07,Cladoceran,Holopedium_giberum,0.38,2001
131846593,South,2001-08-07,Copepod,Aglaodiaptomus_leptpus,0,2001
131846593,South,2001-08-07,Copepod,Cyclops_scutifer,0,2001
131846593,South,2001-08-07,Copepod,Epischura_lacustris,0,2001
131846593,South,2001-08-07,Copepod,Leptodiaptomus_minutus,6.155,2001
131846593,South,2001-08-07,Copepod,Mesocyclops_edax,4.06,2001
131846593,South,2001-08-07,Copepod,Tropocyclops_extensus,0,2001
131846593,South,1995-08-08,Cladoceran,Bosmina_longirostris,3.91667,1995
131846593,South,1995-08-08,Cladoceran,Daphnia_catawba,0.18333,1995
131846593,South,1995-08-08,Cladoceran,Daphnia_pulex,0,1995
131846593,South,1995-08-08,Cladoceran,Diaphanosoma_birgei,0,1995
131846593,South,1995-08-08,Cladoceran,Diaphanosoma_brachyurum,0,1995
131846593,South,1995-08-08,Cladoceran,Holopedium_giberum,0,1995
131846593,South,1995-08-08,Copepod,Aglaodiaptomus_leptpus,0,1995
131846593,South,1995-08-08,Copepod,Cyclops_scutifer,0,1995
131846593,South,1995-08-08,Copepod,Epischura_lacustris,0,1995
131846593,South,1995-08-08,Copepod,Leptodiaptomus_minutus,20.08333,1995
131846593,South,1995-08-08,Copepod,Mesocyclops_edax,2.96667,1995
131846593,South,1995-08-08,Copepod,Tropocyclops_extensus,0,1995
131846593,South,2002-09-10,Cladoceran,Bosmina_longirostris,3.37045,2002
131846593,South,2002-09-10,Cladoceran,Daphnia_catawba,1.24494,2002
131846593,South,2002-09-10,Cladoceran,Daphnia_pulex,0,2002
131846593,South,2002-09-10,Cladoceran,Diaphanosoma_birgei,0,2002
131846593,South,2002-09-10,Cladoceran,Diaphanosoma_brachyurum,0,2002
131846593,South,2002-09-10,Cladoceran,Holopedium_giberum,0.12146,2002
131846593,South,2002-09-10,Copepod,Aglaodiaptomus_leptpus,0,2002
131846593,South,2002-09-10,Copepod,Cyclops_scutifer,0,2002
131846593,South,2002-09-10,Copepod,Epischura_lacustris,0,2002
131846593,South,2002-09-10,Copepod,Leptodiaptomus_minutus,2.71255,2002
131846593,South,2002-09-10,Copepod,Mesocyclops_edax,2.12551,2002
131846593,South,2002-09-10,Copepod,Tropocyclops_extensus,0.04049,2002
131846593,South,1995-09-13,Cladoceran,Bosmina_longirostris,1.65771,1995
131846593,South,1995-09-13,Cladoceran,Daphnia_catawba,1.16039,1995
131846593,South,1995-09-13,Cladoceran,Daphnia_pulex,0,1995
131846593,South,1995-09-13,Cladoceran,Diaphanosoma_birgei,0,1995
131846593,South,1995-09-13,Cladoceran,Diaphanosoma_brachyurum,0,1995
131846593,South,1995-09-13,Cladoceran,Holopedium_giberum,0,1995
131846593,South,1995-09-13,Copepod,Aglaodiaptomus_leptpus,0,1995
131846593,South,1995-09-13,Copepod,Cyclops_scutifer,0,1995
131846593,South,1995-09-13,Copepod,Epischura_lacustris,0,1995
131846593,South,1995-09-13,Copepod,Leptodiaptomus_minutus,56.03047,1995
131846593,South,1995-09-13,Copepod,Mesocyclops_edax,8.12276,1995
131846593,South,1995-09-13,Copepod,Tropocyclops_extensus,0,1995
